ID,Title,CompanyName,Location
https://www.indeed.com/viewjob?jk=cddc101e0f73ada6,Staff Golang Software Development Engineer,Fortinet,
https://www.indeed.com/viewjob?jk=65290d9ea6b8ddf0,Release Engineer - AWS Redshift,Amazon.com Services LLC,
https://www.indeed.com/viewjob?jk=bfd42cc3d4bb8d50,Full Stack Development Lead,Sky Republic,
https://www.indeed.com/viewjob?jk=10000bc93e655ac6,Deployment Engineer (Remote),Ada Inc.,
https://www.indeed.com/viewjob?jk=9c8d1005e1697083,"Software Engineer, Seller Profile",Square,
https://www.indeed.com/viewjob?jk=15dfbee1dbf3255e,Software Engineer,Hewlett Packard Enterprise,
https://www.indeed.com/viewjob?jk=ce113e321040895b,Software Developer: Full-Stack,DevRev,
https://www.indeed.com/viewjob?jk=09fd8545a8a30d02,Senior Software Engineer - Backend (Vehicle Applications),Rivian Automotive,
https://www.indeed.com/viewjob?jk=d7f4da45b8f6ede1,Insomniac - Software Engineer,Live Nation,
https://www.indeed.com/viewjob?jk=6839e32235a397e5,Software Engineer - Docker Images & Community,Canonical - Jobs,
https://www.indeed.com/viewjob?jk=6c5aab583646e497,Consulting - GoLang - Specialist Senior,Deloitte,
https://www.indeed.com/viewjob?jk=78fe242bf32a2736,"Lead Product Management & Development, Developer Relations",AT&T,
https://www.indeed.com/viewjob?jk=d51d1e92d559e100,Lab Services IBM i Cloud Specialist,IBM,
https://www.indeed.com/viewjob?jk=75231c01a8da1696,Infrastructure Engineer (Linux System Administrator) - US Re...,General Mills,
https://www.indeed.com/viewjob?jk=39906ccef5c975a5,DevOps Engineer : 22-00519,Akraya Inc.,
https://www.indeed.com/viewjob?jk=e473a4d723f071c5,"Software Engineer, Backend",Jumpcloud,
https://www.indeed.com/viewjob?jk=2543bf29d5e82bec,"Senior Software Engineer, Backend (Golang)",Lemonaid Health,
https://www.indeed.com/viewjob?jk=a32d1184fdd33810,Full Stack Engineer,BoxCast,
https://www.indeed.com/viewjob?jk=d3056cf298acf4d4,Software Engineer,DataDog,
https://www.indeed.com/viewjob?jk=387245e9a3cacc6d,Platform Engineer,Mux,
https://www.indeed.com/viewjob?jk=980c78f952c2ff3a,Associate Software Engineer,SS&C Technologies,
https://www.indeed.com/viewjob?jk=86191981005eafb3,Blockchain Senior Engineer,ION,
https://www.indeed.com/viewjob?jk=cf0eac9124b5ea79,Senior Full-Stack Engineer - Open to U.S. Remote,Dynata,
https://www.indeed.com/viewjob?jk=0cd6251f2b1d7131,"Member of Technical Staff (Go, Java, Kubernetes) - Opportuni...",VMware,
https://www.indeed.com/viewjob?jk=a74f119043085a8c,Senior Software Engineer (Solutions Team),Zipongo,
https://www.indeed.com/viewjob?jk=582a66a55c7820f6,Software Developer,Applied Research Solutions,
https://www.indeed.com/viewjob?jk=6609e91302cd592a,"Tech Lead, Client Solutions",GoodRx,
https://www.indeed.com/viewjob?jk=efb6de331ef0cb37,Site Reliability Engineer,Pinterest,
https://www.indeed.com/viewjob?jk=30af1d7cef3399eb,Go (Golang) Senior Software Engineer,Circonus,
https://www.indeed.com/viewjob?jk=393192bbcc277276,"Software Engineer, Full Stack",SentiLink,
https://www.indeed.com/viewjob?jk=736ebf406bb48df0,Professional Services Software Engineer 100% Remote,Arista Networks,
https://www.indeed.com/viewjob?jk=19efd7796ff130f5,Full Stack Engineer,Facet Wealth,
https://www.indeed.com/viewjob?jk=17eff60a68ea7ffb,Software Developer,IBM,
https://www.indeed.com/viewjob?jk=65189d07c9585172,Back End Developer,Amun 21Shares,
https://www.indeed.com/viewjob?jk=819b5c70d09d700f,"Software Engineer, Trust - Risk (Frontend)",Fast AF,
https://www.indeed.com/viewjob?jk=76a26ba6e12b2a32,Software Engineer 2,Microsoft,
https://www.indeed.com/viewjob?jk=12260cbcaacd11cc,Distributed systems Golang engineer,Canonical - Jobs,
https://www.indeed.com/viewjob?jk=b852d2a2518d0a3a,"Backend Software Engineer, MediaGuard",Human Security,
https://www.indeed.com/viewjob?jk=3c0e792309855f1f,Senior Engineer - Java/ GOLANG,Amex,
https://www.indeed.com/viewjob?jk=2e78d31fe577468a,Software Engineer,Bethesda Game Studios,
https://www.indeed.com/viewjob?jk=7b2e1dc3db4c56c0,Senior Full-Stack Engineer,Rakuten Americas,
https://www.indeed.com/viewjob?jk=46e5de74893924a9,Frontend Developer,Red Acre,
https://www.indeed.com/viewjob?jk=83de69b35d856c21,Associate Software Engineer,T. Rowe Price,
https://www.indeed.com/viewjob?jk=aa7942937fc114da,Full Stack Engineer,Vroom,
https://www.indeed.com/viewjob?jk=6408f974e894c760,Site Reliability Engineer--REMOTE,Splunk,
https://www.indeed.com/viewjob?jk=8f5724cbd156171b,Software Development Engineer in Test - AR Platform,ByteDance,
https://www.indeed.com/viewjob?jk=fabfdc3bab58c4bc,Software Engineer,MOLOCO,
https://www.indeed.com/viewjob?jk=d100a6cf7e910025,Senior Software Engineer (Golang or Java),Rakuten Advertising,
https://www.indeed.com/viewjob?jk=236c47e02a4afec4,Remote Full Stack Software Engineer,Digital Turbine,
https://www.indeed.com/viewjob?jk=8281345aa93816f0,Sr. IAM DevOps Engineer - Remote,Cargill,
https://www.indeed.com/viewjob?jk=79b898b9a3657f97,Senior SDE,Amazon.com Services LLC,
https://www.indeed.com/viewjob?jk=4970a0bc73435408,Staff Full Stack Engineer,Fanatics Inc.,
https://www.indeed.com/viewjob?jk=6b25040164b77f79,HPC Linux Clusters Engineer,Oak Ridge National Laboratory,
https://www.indeed.com/viewjob?jk=02cdc51ccd885939,Back End Javascript Developer,SAP,
https://www.indeed.com/viewjob?jk=7093e836173245a1,Assistant Vice President - Software Development Engineer,BNP Paribas,
https://www.indeed.com/viewjob?jk=2153177ee3b22cf9,"Security Engineer, Kubernetes",Block,
https://www.indeed.com/viewjob?jk=8e903b7c969fbfc0,Software Engineering Manager,Bethesda.net,
https://www.indeed.com/viewjob?jk=e679540058bda90a,Lead Site Reliability Engineer,vArmour Networks,
https://www.indeed.com/viewjob?jk=522641113f2e78e1,Embedded Software Engineer,Vivint Smart Home,
https://www.indeed.com/viewjob?jk=ae5258a28d0d9ac8,AMB-105-076 Software Developer,Business Transformation Institute,
https://www.indeed.com/viewjob?jk=adaf974f6df1644b,"Senior Software Developer, Backend",EdgeDB,
https://www.indeed.com/viewjob?jk=dbcd4f33bef54471,"Database Software Engineer/Researcher, Infrastructure System...",ByteDance,
https://www.indeed.com/viewjob?jk=544bbd463624d753,"System Development Engineer, EC2 Commerical Software Service...",Amazon.com Services LLC,
https://www.indeed.com/viewjob?jk=05467f16abd63060,Embedded Systems Development Engineer,Amazon.com Services LLC,
https://www.indeed.com/viewjob?jk=174d5430eb60e394,Senior Full Stack Developer (Remote - USA),Fevo,
https://www.indeed.com/viewjob?jk=9f57d3af899e87d8,Cloud SRE/DevOps,Workday,
https://www.indeed.com/viewjob?jk=1bf55052c926eefc,"Senior Software Engineer, Backend (Admin)",GoGuardian,
https://www.indeed.com/viewjob?jk=7987cd58915f903a,Sr. Platform Environment Engineer,Pinnacle Group,
https://www.indeed.com/viewjob?jk=cdcd7fe2d4868e86,Software Engineer - Intermediate with SECRET Clearance (Remo...,CALNET INC.,
https://www.indeed.com/viewjob?jk=4fbb5d4c6aefe633,DevOps Engineer,Adobe,
https://www.indeed.com/viewjob?jk=ad60022558653562,"System Development Engineer, EKS, Amazon EKS",Amazon.com Services LLC,
https://www.indeed.com/viewjob?jk=cc064f2da2e2135e,Site Reliability Engineer,f5,
https://www.indeed.com/viewjob?jk=2af4eca2e83466d4,Principal Software Engineer,John Deere,
https://www.indeed.com/viewjob?jk=a02eab344519a307,Staff Software Engineer,Harness.io,
https://www.indeed.com/viewjob?jk=0f18a4bb35821ffd,Front End Software Engineer / Principal Software Engineer,Peraton,
https://www.indeed.com/viewjob?jk=22552adab6234746,Senior Back-end Golang Developer,EPAM Systems,
https://www.indeed.com/viewjob?jk=46a2a7b4453cc65e,Cloud Orchestration Software Engineer,Intel,
https://www.indeed.com/viewjob?jk=0c1e864762b77b18,Software Engineering Manager,Vectra,
https://www.indeed.com/viewjob?jk=33442e79e072d859,Software Engineer – Security – REMOTE - Multiple career leve...,Dell Technologies,
https://www.indeed.com/viewjob?jk=a03cf0fbc94eb362,UI Developer,Kyndryl,
https://www.indeed.com/viewjob?jk=7fc0d4162b271f8d,Senior Software Engineer (Backend/Tooling),Metrika Inc.,
https://www.indeed.com/viewjob?jk=2ff9daab861589b1,"Software Manager, Connectivity - Systems",Amazon.com Services LLC,
https://www.indeed.com/viewjob?jk=09ba9f63b0f19a2d,Software Engineer,Infoblox,
https://www.indeed.com/viewjob?jk=e4a84e7a630b47a7,Sr. Software Development Engineer in Test (SDET),Automox Technologies,
https://www.indeed.com/viewjob?jk=4a1f4196195c893b,Lead Engineer - Digital Fulfill ATP (Available to Promise),TARGET,
https://www.indeed.com/viewjob?jk=38f2cccf490a4211,Software Engineer II - Enterprise Platform,Qualtrics,
https://www.indeed.com/viewjob?jk=cc5121b766277be1,Sr. Software Engineer,Vivint Smart Home,
https://www.indeed.com/viewjob?jk=6d8d4a1dcf73e79b,Principal Software Engineer - Remote US,Egnyte,
https://www.indeed.com/viewjob?jk=7d50ca6b42743b7a,"Senior Software Development Engineer, Verity Solutions",Cigna,
https://www.indeed.com/viewjob?jk=88ae84d2112692b6,Senior Security Software Engineer – Foundational Controls,Goldman Sachs,
https://www.indeed.com/viewjob?jk=7f0d964966befe85,Senior Software Engineer,WEX Inc.,
https://www.indeed.com/viewjob?jk=9efa7ccb323a9ac5,"Systems Development Engineer II (Linux) Bellevue, WA; SF Bay...",Amazon.com Services LLC,
https://www.indeed.com/viewjob?jk=a190a74494c3865f,Sr Cloud Software Developer,Amazon.com Services LLC,
https://www.indeed.com/viewjob?jk=db50ff9ef0f5e588,Senior Site Reliability Engineer,NVIDIA,
https://www.indeed.com/viewjob?jk=d0409b930639677a,Devops Engineer,Avenues International,
https://www.indeed.com/viewjob?jk=965be562ec0646cd,Software Engineering Manager,ZeniMax Media Inc.,
https://www.indeed.com/viewjob?jk=3bfd155f15a2a0ae,Java Developer,Spectra Logic,
https://www.indeed.com/viewjob?jk=a4262e03a503cdf9,Regular Developer Backend,Luxoft,
https://www.indeed.com/viewjob?jk=6f4e5f613b7714aa,SOFTWARE ENGINEER IN TEST (PYTHON),AgiliWay,
https://www.indeed.com/viewjob?jk=423f33d70a52e5b7,Senior Site Reliability Engineer - Site Reliability Engineer...,Apple,
https://www.indeed.com/viewjob?jk=ac8718741af01af4,Site Reliability Engineer,Dollar Shave Club,
https://www.indeed.com/viewjob?jk=e21d078bac482c86,Senior Developer,Dell Technologies,
https://www.indeed.com/viewjob?jk=e679540058bda90a,Lead Site Reliability Engineer,vArmour Networks,
https://www.indeed.com/viewjob?jk=6ce54c3109d0fd34,DevOps Engineer,Purple Mattress,
https://www.indeed.com/viewjob?jk=9b0501a97b296c9c,Staff Software Engineer,Mattel,
https://www.indeed.com/viewjob?jk=46090a1fd1153d8e,"Senior Software Engineer, Backend (Remote)",Aspiration Partners,
https://www.indeed.com/viewjob?jk=4c2b0c0e346636fe,Software Developer,BrainTrust,
https://www.indeed.com/viewjob?jk=23ced34cbaa2fd90,System Development Engineer II - Bilic,"Amazon Dev Center U.S., Inc.",
https://www.indeed.com/viewjob?jk=f2ad74056e044367,Staff Software Engineer - Multi-cloud/Distributed Systems/AP...,Aviatrix,
https://www.indeed.com/viewjob?jk=9fecbd90f747f369,Lead Software Engineer,Verizon,
https://www.indeed.com/viewjob?jk=7b2e1dc3db4c56c0,Senior Full-Stack Engineer,Rakuten Americas,
https://www.indeed.com/viewjob?jk=85c81318b8fa7505,Staff Software Engineer - Back End,Intuit,
https://www.indeed.com/viewjob?jk=621a811ee626bdd5,DevOps Lead Engineer,OneMain Financial,
https://www.indeed.com/viewjob?jk=cc1e79739f1b6eb8,Principle Site Reliability Developer - Vice President,Morgan Stanley,
https://www.indeed.com/viewjob?jk=f155bdb68119c3e9,"Principal Software Engineer, Device Management",Jumpcloud,
https://www.indeed.com/viewjob?jk=9767bcf265c0195f,Senior DevOps Infrastructure Engineer,Nuance,
https://www.indeed.com/viewjob?jk=d58ea53e193bf14f,Senior Software Engineer - VNFM,Casa Systems Inc,
https://www.indeed.com/viewjob?jk=ad07c7530315a559,"Software Engineer, Maps Data Backend Engineer",Snapchat,
https://www.indeed.com/viewjob?jk=2dff19cbc0fb0288,"Sr. Developer Engineer, Build Engineer - 3D",Adobe,
https://www.indeed.com/viewjob?jk=91d144504461cf29,DevOps Engineer (MakerBot),"Stratasys, Inc.",
https://www.indeed.com/viewjob?jk=f4f9d439385bf65a,Senior Staff Software Engineer,Telenav,
https://www.indeed.com/viewjob?jk=6804ca9137739d07,Site Reliability Engineer (SRE),99,
https://www.indeed.com/viewjob?jk=890ec04fc2350f3c,Back-End Engineer - Developer Experience,"ESRI, Inc.",
https://www.indeed.com/viewjob?jk=51225778178df1b6,Senior Software Engineer,"iHeartMedia, Inc.",
https://www.indeed.com/viewjob?jk=0c00ca10720c9af6,Senior Software Engineer (REMOTE),Home Depot / THD,
https://www.indeed.com/viewjob?jk=9790b7392c56de61,Senior DevOps Engineer,GliaCell Technologies,
https://www.indeed.com/viewjob?jk=0a4d4573e84b316a,"Senior Software Engineer, Platform",Doximity,
https://www.indeed.com/viewjob?jk=d7d5b5b33bc62848,Engineer Software - Kansas (Multiple Openings),T-Mobile,
https://www.indeed.com/viewjob?jk=f1315eda7df1bfb7,Full Stack Software Engineer,SunPower,
https://www.indeed.com/viewjob?jk=88c6607bb8d7f0e2,Senior Software Engineer,Intelsat,
https://www.indeed.com/viewjob?jk=cec705ee5008b549,Senior Automation Software Engineer,Corelight,
https://www.indeed.com/viewjob?jk=eeb7ff2dc75de7a0,Lead DevOps Engineer - Hux,Deloitte,
https://www.indeed.com/viewjob?jk=840d30b7298f6386,"Senior Software Development Engineer, EKS","Amazon Dev Center U.S., Inc.",
https://www.indeed.com/viewjob?jk=5f1bc92b6d902bbd,Site Reliability Engineer,Mux,
https://www.indeed.com/viewjob?jk=ce12245c07c1acb6,Senior Cloud Developer- IT SecOps SCA (Remote),CrowdStrike,
https://www.indeed.com/viewjob?jk=a6fd328bc65aa031,Systems Software Engineer,Emory University,
https://www.indeed.com/viewjob?jk=0e8283dcda744370,Software Development Engineer - Deployment Automation,"Amazon Data Services, Inc.",
https://www.indeed.com/viewjob?jk=ff1c29a4c94857af,DevOps Engineer,Shipt,
https://www.indeed.com/viewjob?jk=8d55cedc2f4dea9c,Software Engineer (Platform),Anchore,
https://www.indeed.com/viewjob?jk=ba7991ed9f32aee6,Kubernetes/Cloud Infrastructure Engineer,MassMutual,
https://www.indeed.com/viewjob?jk=f8f3963298f5a5da,Senior DevOps Engineer,Ampion,
https://www.indeed.com/viewjob?jk=f5e2169450c4735d,Software Engineer (Remote),Frontdoor,
https://www.indeed.com/viewjob?jk=a12580b10fcbf2ca,"Site Reliability (DevOps) Engineer - AWS Glue, AWS Glue","Amazon Web Services, Inc.",
https://www.indeed.com/viewjob?jk=3bb86e66fdbf6295,"Senior Director, Software Engineering (Cloud native services...",Change Healthcare,
https://www.indeed.com/viewjob?jk=b3bb4f938aa63af4,Senior Site Reliability Engineer,Away Travel,
https://www.indeed.com/viewjob?jk=d6721c1da574d86f,Software Development Manager - Delivery Platform,"Twitch Interactive, Inc.",
https://www.indeed.com/viewjob?jk=b70b3f7fcfe52292,Senior Systems Developer,"Amazon Dev Center U.S., Inc.",
https://www.indeed.com/viewjob?jk=a4d3fa135c39cb4e,Software Engineer - Cameras,Verkada,
https://www.indeed.com/viewjob?jk=259304e7f8721cc1,Senior Software Engineer,Loop Inc,
https://www.indeed.com/viewjob?jk=6efc70a302ea578c,Senior Site Reliability Engineer,Dynata,
https://www.indeed.com/viewjob?jk=ea45efa60b4ad123,Full-Stack Software Developer,"Linc Global, Inc.",
https://www.indeed.com/viewjob?jk=7488b9a012ee50af,"Cloud DevOps Engineer Boston, MA",VMware,
https://www.indeed.com/viewjob?jk=45a4d46172407fa4,Full Stack Developer,Experient Group,
https://www.indeed.com/viewjob?jk=09eb4f0105d1b7de,Senior Software Engineer,"R1 RCM, Inc.",
https://www.indeed.com/viewjob?jk=85719116adeb9ec1,Principal Software Engineer (Server),SciPlay,
https://www.indeed.com/viewjob?jk=7af6fbde44922140,Senior Software Engineer,Visa,
https://www.indeed.com/viewjob?jk=390e8b8b1b16cf6b,System Software Engineer - GPU,ByteDance,
https://www.indeed.com/viewjob?jk=b037301076932713,Maps Business Services - Sr. Software Engineer,Apple,
https://www.indeed.com/viewjob?jk=b3203b474c3b6621,Cleared Application Engineer (All Levels),Kepora LLC,
https://www.indeed.com/viewjob?jk=b4f07b8bed8b17e3,Software Engineer - Back End,Sauce Labs Inc.,
https://www.indeed.com/viewjob?jk=33442e79e072d859,Software Engineer – Security – REMOTE - Multiple career leve...,Dell Technologies,
https://www.indeed.com/viewjob?jk=0c00ca10720c9af6,Senior Software Engineer (REMOTE),Home Depot / THD,
https://www.indeed.com/viewjob?jk=cdcd7fe2d4868e86,Software Engineer - Intermediate with SECRET Clearance (Remo...,CALNET INC.,
https://www.indeed.com/viewjob?jk=22552adab6234746,Senior Back-end Golang Developer,EPAM Systems,
https://www.indeed.com/viewjob?jk=845104fd2c604629,Software Engineer,Elenchus Technologies,
https://www.indeed.com/viewjob?jk=7093e836173245a1,Assistant Vice President - Software Development Engineer,BNP Paribas,
https://www.indeed.com/viewjob?jk=46a2a7b4453cc65e,Cloud Orchestration Software Engineer,Intel,
https://www.indeed.com/viewjob?jk=4970a0bc73435408,Staff Full Stack Engineer,Fanatics Inc.,
https://www.indeed.com/viewjob?jk=327afc65516ffc1c,Sr Software Engineer,Uber,
https://www.indeed.com/viewjob?jk=88ae84d2112692b6,Senior Security Software Engineer – Foundational Controls,Goldman Sachs,
https://www.indeed.com/viewjob?jk=cc5121b766277be1,Sr. Software Engineer,Vivint Smart Home,
https://www.indeed.com/viewjob?jk=d49884953429a930,Princ Software Engineer (REMOTE ELIGIBLE),Veritas Technologies,
https://www.indeed.com/viewjob?jk=8512daafef940c3d,"Staff Software Engineer ( Go/Golang , Python ) - REMOTE USA",Mandiant,
https://www.indeed.com/viewjob?jk=7fc0d4162b271f8d,Senior Software Engineer (Backend/Tooling),Metrika Inc.,
https://www.indeed.com/viewjob?jk=02cdc51ccd885939,Back End Javascript Developer,SAP,
https://www.indeed.com/viewjob?jk=522641113f2e78e1,Embedded Software Engineer,Vivint Smart Home,
https://www.indeed.com/viewjob?jk=67bfa41d591b8eca,"Full Stack Developer, Senior",Booz Allen Hamilton,
https://www.indeed.com/viewjob?jk=8add8c9e16daab98,Cloud Software Developer,Intelliforce IT Solutions Group,
https://www.indeed.com/viewjob?jk=2153177ee3b22cf9,"Security Engineer, Kubernetes",Block,
https://www.indeed.com/viewjob?jk=ae5258a28d0d9ac8,AMB-105-076 Software Developer,Business Transformation Institute,
https://www.indeed.com/viewjob?jk=4fbb5d4c6aefe633,DevOps Engineer,Adobe,
https://www.indeed.com/viewjob?jk=7cd95efbea789342,Senior Full Stack Web Engineer (Remote Potential),Brain Corporation,
https://www.indeed.com/viewjob?jk=bd85fa85a773a842,CI/CD Engineer,Kin + Carta,
https://www.indeed.com/viewjob?jk=d57dcc9452396734,Sr. Software Engineer - Android,TradeStation,
https://www.indeed.com/viewjob?jk=e075a39441944085,Software Engineer,Infoblox,
https://www.indeed.com/viewjob?jk=db50ff9ef0f5e588,Senior Site Reliability Engineer,NVIDIA,
https://www.indeed.com/viewjob?jk=f7df144edf07a4bf,Mid Full Stack Software Engineer,BrainGu,
https://www.indeed.com/viewjob?jk=a4262e03a503cdf9,Regular Developer Backend,Luxoft,
https://www.indeed.com/viewjob?jk=f52ef7e044cfa341,Team Lead - Backend Engineer (Ruby on Rails),FORM.com,
https://www.indeed.com/viewjob?jk=c577c7217d843f02,Blockchain Cloud Architect,Verizon,
https://www.indeed.com/viewjob?jk=e4a84e7a630b47a7,Sr. Software Development Engineer in Test (SDET),Automox Technologies,
https://www.indeed.com/viewjob?jk=3e11dd38d7c531b8,"Staff Software Engineer, Remote Assistance AV",Cruise,
https://www.indeed.com/viewjob?jk=7d46ba895db56bd4,Senior Backend Software Engineer,Vroom,
https://www.indeed.com/viewjob?jk=1d8114870d23484b,Senior DevOps Engineer,FlexIT Inc,
https://www.indeed.com/viewjob?jk=a03cf0fbc94eb362,UI Developer,Kyndryl,
https://www.indeed.com/viewjob?jk=423f33d70a52e5b7,Senior Site Reliability Engineer - Site Reliability Engineer...,Apple,
https://www.indeed.com/viewjob?jk=6d8d4a1dcf73e79b,Principal Software Engineer - Remote US,Egnyte,
https://www.indeed.com/viewjob?jk=3f1934ee18224f72,Software Development Engineer (Remote Work Option Available),Dyno Nobel,
https://www.indeed.com/viewjob?jk=0e79692917576d48,Senior Java Developer,NR Consulting LLC,
https://www.indeed.com/viewjob?jk=25d5b4ed8c617515,Software Developer - Full Stack,NCCI,
https://www.indeed.com/viewjob?jk=5bfca069e7be919c,Services Programmer,id Software,
https://www.indeed.com/viewjob?jk=13d56f05e5206cdd,Principal Software Engineer / Architect,"Arcules, Inc.",
https://www.indeed.com/viewjob?jk=14cbe9bf7ff7fe8c,Salesforce DevOps Engineer,"JPMorgan Chase Bank, N.A.",
https://www.indeed.com/viewjob?jk=357ff7d44038200f,Software Engineer,Emburse,
https://www.indeed.com/viewjob?jk=724bb2be6456056f,Software Engineer - SCM,Siemens,
https://www.indeed.com/viewjob?jk=4103d428ffb52a8b,Principal DevOps Engineer,Casa Systems Inc,
https://www.indeed.com/viewjob?jk=f484bf2585a2f96c,Backend Software Engineer,Health Recovery Solutions,
https://www.indeed.com/viewjob?jk=8f93767f62611a8a,"Staff Software Engineer, SRE Box Services",Box,
https://www.indeed.com/viewjob?jk=bd3584ef935f4bd2,Backend Engineer,Airvet,
https://www.indeed.com/viewjob?jk=62f5d98c28eb3fcb,Sr. Software Developer - Terraform Platform Team,Aviatrix,
https://www.indeed.com/viewjob?jk=1e5c23ad0f27fa6d,Fullstack Software Engineer,Rho Business Banking,
https://www.indeed.com/viewjob?jk=7d19cbbd1feffd3a,Staff SaaS Security Engineer,Infoblox,
https://www.indeed.com/viewjob?jk=bad56641d7d3527d,Senior Software Engineer,Drip,
https://www.indeed.com/viewjob?jk=907fab00ff3f7df4,Site Reliability Engineer (SRE),"Webstaurant Store, Inc.",
https://www.indeed.com/viewjob?jk=aab540961cdbf025,Software Engineer,NetApp,
https://www.indeed.com/viewjob?jk=b16757be1caebaed,Senior Software Engineer,"iSpot.tv, Inc.",
https://www.indeed.com/viewjob?jk=33e7ffd0748c201a,Backend Engineer,1047 Games,
https://www.indeed.com/viewjob?jk=6609e91302cd592a,"Tech Lead, Client Solutions",GoodRx,
https://www.indeed.com/viewjob?jk=ac4450704235bd23,Sr Site Reliability Engineer - DevOps,"CSAA Insurance Group, a AAA Insurer",
https://www.indeed.com/viewjob?jk=820950812f0e4f5e,Senior DevOps Engineer,Jamf,
https://www.indeed.com/viewjob?jk=2a941b5596e006b2,Sr. Software Engineering Manager for OS and Cloud Solutions...,HP,
https://www.indeed.com/viewjob?jk=324b7886e47d8fb3,Software Engineer,Adaptive Computing,
https://www.indeed.com/viewjob?jk=e617bd6ebef2cb5e,Devops/Automation Architect (Automation),NR Consulting LLC,
https://www.indeed.com/viewjob?jk=0e94c12675a0b52c,"Director, Software Development Engineer in Test",Koalafi,
https://www.indeed.com/viewjob?jk=357a3a7114abd468,Full Stack Developer,EPAM Systems,
https://www.indeed.com/viewjob?jk=95df0e415b231648,Sr. Full Stack Developer - Monetization,AlignTech,
https://www.indeed.com/viewjob?jk=ed6f087f9f77fdc7,Software Engineer,"Arcules, Inc.",
https://www.indeed.com/viewjob?jk=3ad2affe5d30c4eb,Software Engineer (SE) Level 0,General Dynamics Information Technology,
https://www.indeed.com/viewjob?jk=07e09b7994e0baf9,"Staff Software Engineer, Remote Assistance Fullstack",Cruise,
https://www.indeed.com/viewjob?jk=bac6ecb456ab860c,"Senior Backend Engineer, Secure: Composition Analysis - with...",GitLab,
https://www.indeed.com/viewjob?jk=f97ebcbeb55015af,Senior Software Engineer - Remote,Liberty Mutual Insurance,
https://www.indeed.com/viewjob?jk=e9f2bf897ac560f6,Software Engineer,"Trusted Concepts, Inc",
https://www.indeed.com/viewjob?jk=eb2b5c24b228ed0e,DevOps Engineer,Koalafi,
https://www.indeed.com/viewjob?jk=068557083fea9b26,Infrastructure Engineer REMOTEENGINEERING – PLATFORM ENGINEE...,Recurly,
https://www.indeed.com/viewjob?jk=1f63c9eededf6904,Golang Developer - Remote - USA,FullStack Labs,
https://www.indeed.com/viewjob?jk=5c936bcc28700276,"Software Engineer, Full Stack, 3+ Years Experience - Los Ang...",Snapchat,
https://www.indeed.com/viewjob?jk=90af646dda3230e1,Full Stack Engineer (f/m/d),NewStore,
https://www.indeed.com/viewjob?jk=75a7916f7cc70d88,Senior Software Engineer (Frontend) Video Player/ Video Stre...,"Arcules, Inc.",
https://www.indeed.com/viewjob?jk=451ae990163439c1,Site Reliability/DevOps Engineer,Hewlett Packard Enterprise,
https://www.indeed.com/viewjob?jk=fdb7ce7cfe295ceb,Senior Software Engineer - Integrations,Nylas,
https://www.indeed.com/viewjob?jk=54ae5b37054ac07a,Sr. Software Engineer,eBay Inc.,
https://www.indeed.com/viewjob?jk=bcde22155a151dd0,Senior Software Engineer for GreenLake as-a-Service Developm...,Hewlett Packard Enterprise,
https://www.indeed.com/viewjob?jk=81d74f897c09daf2,Back-End Senior Developer,Sky Republic,
https://www.indeed.com/viewjob?jk=abfacc19318501b0,Sr. Software Engineer,Viant,
https://www.indeed.com/viewjob?jk=f702e801d47a9799,Title: Member of Technical Staff - Carbon Black Cloud - Oppo...,VMware,
https://www.indeed.com/viewjob?jk=fb719f9cb4668804,Frontend Software Engineer,LeetCode,
https://www.indeed.com/viewjob?jk=fec60d3cc4951dd8,DevOps Engineer - Adoption,"A-TEK, Inc.",
https://www.indeed.com/viewjob?jk=a12ce42d627d9d9c,Software Engineering Manager - Canonical Fast Track,Canonical - Jobs,
https://www.indeed.com/viewjob?jk=fbac4c2b087e88e9,Senior Software Engineer (Software Support Escalation),ChargePoint,
https://www.indeed.com/viewjob?jk=a6ff8f75ed333b63,Software Development Engineer IV,"Discovery, Inc.",
https://www.indeed.com/viewjob?jk=c71fef0a40f8a878,Senior Backend Engineer - Events and Notifications,Verkada,
https://www.indeed.com/viewjob?jk=a9a63cc72ba9153b,Software Development Engineer,Edge Delta,
https://www.indeed.com/viewjob?jk=1838ede98dbc8595,DevOps Software Engineer - IoT Platform,Signify,
https://www.indeed.com/viewjob?jk=be48ae75047fac44,Fullstack Engineer (Customer Success),Docker,
https://www.indeed.com/viewjob?jk=ae5d8a6e831688ad,Mid-Level Software Engineer- Platform,Foundant Technologies,
https://www.indeed.com/viewjob?jk=319a077e262b42ae,"Software Engineer, Junior",Independent Software,
https://www.indeed.com/viewjob?jk=2734109ceb6b71ac,Software Engineering/DevOps Manager,Penn State University,
https://www.indeed.com/viewjob?jk=8714b385c628e3c3,Senior Frontend Engineer,HouseCanary,
https://www.indeed.com/viewjob?jk=9d26d315b56fa959,Senior Software Developer,"Federal Data Systems, Inc",
https://www.indeed.com/viewjob?jk=f7ab5f563e53f4d4,"Cloud Application Developer (Storage Networking)- ""Remote Po...",Hewlett Packard Enterprise,
https://www.indeed.com/viewjob?jk=42f7a1a8b5dba3f0,Site Reliability Engineer II,UiPath,
https://www.indeed.com/viewjob?jk=2677ef467863e752,IT Systems Engineer,ImmunityBio,
https://www.indeed.com/viewjob?jk=218371e31d061ec0,Software Engineer,Two Six Technologies,
https://www.indeed.com/viewjob?jk=003b71d8ab07debd,"URBN Sr. Software Engineer, Services","URBN Outfitters, Inc.",
https://www.indeed.com/viewjob?jk=925e202b0059d8b3,Application Engineer,Swiss Re,
https://www.indeed.com/viewjob?jk=250b6bdf7ac81c5b,Cloud Platform (Kubernetes/AWS DevOps) Engineer,DIRECTV,
https://www.indeed.com/viewjob?jk=dd7de0d56716a3bf,Senior Systems Engineer- Container Specialist,CME Group,
https://www.indeed.com/viewjob?jk=8bda110cf5e971e2,Senior Staff Full Stack Software Engineer (Fully Remote),SHIELD AI,
https://www.indeed.com/viewjob?jk=357ff7d44038200f,Software Engineer,Emburse,
https://www.indeed.com/viewjob?jk=6bffd4fc0edd9a0e,Senior Data Platform Engineer (US),Tala,
https://www.indeed.com/viewjob?jk=14d475175ad2d9bf,"Senior Software Engineer, Backend",Automox Technologies,
https://www.indeed.com/viewjob?jk=025e71ac55906fb4,"Site Reliability Engineer, Observability",Carfax,
https://www.indeed.com/viewjob?jk=f1315eda7df1bfb7,Full Stack Software Engineer,SunPower,
https://www.indeed.com/viewjob?jk=558570078f7ca3b4,Senior Software Engineer,Clockwork Systems,
https://www.indeed.com/viewjob?jk=b81945bab798803b,Application Engineer III,Sagecor Solutions,
https://www.indeed.com/viewjob?jk=3afc7b2219a07a9d,Software Engineer in Test - Build & Test Infrastructure,MathWorks,
https://www.indeed.com/viewjob?jk=6becf1c4f0db5694,Lead Innovator / Software Engineer - Innovation Labs,BMC Software,
https://www.indeed.com/viewjob?jk=0ddee20551ecd30a,Senior Software Engineer,zvelo,
https://www.indeed.com/viewjob?jk=75e824a1f7916c49,"Full Stack Software Engineer, Riva Speech AI",NVIDIA,
https://www.indeed.com/viewjob?jk=be9ece63d9ebdbc3,"Software Engineer, Security",FiscalNote,
https://www.indeed.com/viewjob?jk=ee7dbecb789d07ae,Senior Software Engineer,Integral Ad Science,
https://www.indeed.com/viewjob?jk=81c094ff074383cf,DevOps Engineer,CoStar Group,
https://www.indeed.com/viewjob?jk=e9bdee166a21a412,Senior Software Engineer,Genesys,
https://www.indeed.com/viewjob?jk=444dde85a26949d4,Senior Software Engineer,Altair Engineering,
https://www.indeed.com/viewjob?jk=ef33176ac4e5a48d,DevOps Engineer III,Cambia Health Solutions,
https://www.indeed.com/viewjob?jk=f331307c55a7e681,"Senior Software Engineer, Test Management - Autonomous Vehic...",NVIDIA,
https://www.indeed.com/viewjob?jk=943562688a3eb4c3,Senior Software Engineer - US,Azarc,
https://www.indeed.com/viewjob?jk=21eec5618b0f6e34,Senior Software Backend Engineer (Golang),Osmo,
https://www.indeed.com/viewjob?jk=2bbff79962e43192,Senior Application Developer,VariQ Corporation,
https://www.indeed.com/viewjob?jk=576f9e322c160166,"Senior Software Engineer, Server - Identity",Zynga,
https://www.indeed.com/viewjob?jk=4345d92f5a6ecd68,Software Engineer II,FIS Global,
https://www.indeed.com/viewjob?jk=324b7886e47d8fb3,Software Engineer,Adaptive Computing,
https://www.indeed.com/viewjob?jk=f54e050c07c989a3,IaaS Platform DevOps Engineer,ByteDance,
https://www.indeed.com/viewjob?jk=88d9510136d53d75,Security Software Engineer,ACS Group,
https://www.indeed.com/viewjob?jk=9510bc639de49633,Staff DevOps Catalyst,MKS2 Technologies,
https://www.indeed.com/viewjob?jk=62462606eb314f1e,Full Stack Software Engineer ( Python/Go ) - REMOTE USA,Mandiant,
https://www.indeed.com/viewjob?jk=fa2175defffeca3c,Principal Software Engineering Manager,Microsoft,
https://www.indeed.com/viewjob?jk=564e195a67390f3b,Engineer - Platform Services: API Platform,TARGET,
https://www.indeed.com/viewjob?jk=ccf7125e83a36fc6,Senior Software Engineer - PCRF_PCF,Casa Systems Inc,
https://www.indeed.com/viewjob?jk=b5ebe60be3e15c13,Senior Java Engineer – IAM (Remote),Upgrade,
https://www.indeed.com/viewjob?jk=9e7a0d673b78ff26,Software Engineer II,"FLEXE, Inc.",
https://www.indeed.com/viewjob?jk=c0c4db7d0ef869e7,Infrastructure DevOps,TikTok,
https://www.indeed.com/viewjob?jk=20a8202499c568fb,Software Development Engineer,Altair Engineering,
https://www.indeed.com/viewjob?jk=9a93908c7af419f8,Sr. DevOps Engineer - REMOTE,Hallmark,
https://www.indeed.com/viewjob?jk=cd30c57820ffb463,Backend Engineer (Accounts),Docker,
https://www.indeed.com/viewjob?jk=5d375f5740101884,Full Stack Developer (GoLang),AIDːTech,
https://www.indeed.com/viewjob?jk=cc94b513824d1ec6,Software Automation Engineer (golang),SIS,
https://www.indeed.com/viewjob?jk=9ff0681272c975f0,"Senior Software Engineer, Golang",Chainlink Labs,
https://www.indeed.com/viewjob?jk=1df6521c752d31ed,Web Backend Developer,Intrepid Studios,
https://www.indeed.com/viewjob?jk=d0777c57a2fdfe66,Backend Engineer SR (Remote),Retargetly,
https://www.indeed.com/viewjob?jk=bc43f91f3a99b4cb,Application Developer,Equifax,
https://www.indeed.com/viewjob?jk=62708c96dc926919,"Staff Software Engineer, Web (Remote)",Tapcart,
https://www.indeed.com/viewjob?jk=9e4d77849d8c091b,Full-Stack Software Engineer,Viant,
https://www.indeed.com/viewjob?jk=c75e29096c33eec3,"Senior Backend Software Engineer (Remote, Americas)",Shopify,
https://www.indeed.com/viewjob?jk=32bef61e62e8e791,DevOps Engineer,Comet.ml,
https://www.indeed.com/viewjob?jk=04062dbcabc35459,Software Engineer,EAB,
https://www.indeed.com/viewjob?jk=125d7840a08dab97,Software Developer II,National General Insurance,
https://www.indeed.com/viewjob?jk=8cc01ea0393014cf,iOS Developer,WEX Inc.,
https://www.indeed.com/viewjob?jk=4b278fd068f50227,Staff Member of Technical Staff - Supply Chain Tools - Oppor...,VMware,
https://www.indeed.com/viewjob?jk=0006917a3dea75b0,Lead Front End Engineer,Piper Companies,
https://www.indeed.com/viewjob?jk=63273ca6b96b4f38,Software Engineer II (C#),Veson Nautical,
https://www.indeed.com/viewjob?jk=ed6f087f9f77fdc7,Software Engineer,"Arcules, Inc.",
https://www.indeed.com/viewjob?jk=74f9aba92eb3c399,Sr Java Engineer ($115k - 135k) WFH,Piper Companies,
https://www.indeed.com/viewjob?jk=937081c373628445,Senior Fullstack Engineer - Checkout,Bolt,
https://www.indeed.com/viewjob?jk=263d08286a2772e5,Staff Systems Engineer - Application Development,Visa,
https://www.indeed.com/viewjob?jk=b950b9b1d40ef0b5,Software Engineer in Test (Ruby),GitLab,
https://www.indeed.com/viewjob?jk=d0e75e31877fad71,Backend Engineer (Prisma Cloud Compute),Palo Alto Networks,
https://www.indeed.com/viewjob?jk=d2383ee72c71a19f,"Sr. DevOps Engineer, Deployment Engineering: CWPP (Remote)",CrowdStrike,
https://www.indeed.com/viewjob?jk=b2c3ddbd5a539f90,Principal C/Go Software Engineer,Tiggee,
https://www.indeed.com/viewjob?jk=cba79d5a5b07cc17,Machine Learning Platform Engineer (Remote),CrowdStrike,
https://www.indeed.com/viewjob?jk=f10fb833165ef565,"Platform Engineer, Routing Team",Pantheon,
https://www.indeed.com/viewjob?jk=cf057f13ed7875c7,Software Engineer III (Licensing),PEX,
https://www.indeed.com/viewjob?jk=2e98962c8f795327,Senior Backend Developer - Rapid Development Team - Opportun...,VMware,
https://www.indeed.com/viewjob?jk=fa91eae9a65062fa,Staff Software Engineer - Python,Chewy,
https://www.indeed.com/viewjob?jk=aec38b24e114bec4,(Senior) Fullstack Engineer (Remote),GoStudent GmbH,
https://www.indeed.com/viewjob?jk=4adb37bcd304cc06,Site Reliability Engineer Development Program (Entry Level),MassMutual,
https://www.indeed.com/viewjob?jk=b17db4a989e707c3,REMOTE/Updated: Back-End Software Engineer (Remote Opportuni...,Hallmark,
https://www.indeed.com/viewjob?jk=6929c4be5e14c98a,Senior Software Engineer - Customer Success,FlexIT Inc,
https://www.indeed.com/viewjob?jk=84e4d28a053c4eca,Application Developer,GoStudent GmbH,
https://www.indeed.com/viewjob?jk=0800668b60c27d97,Software Engineer – Platform,Cyral,
https://www.indeed.com/viewjob?jk=5eb365654004ef95,DevOps Engineer,Varo Money,
https://www.indeed.com/viewjob?jk=4333ed5c20c947de,Sr. System Development Engineer,"Amazon Data Services, Inc.",
https://www.indeed.com/viewjob?jk=0c5c61f642a8a0e4,Full Stack Engineer,Qlik,
https://www.indeed.com/viewjob?jk=5fad23e54f5bbdfe,"Staff Front End Engineer, Customer Experience",Pantheon,
https://www.indeed.com/viewjob?jk=f484bf2585a2f96c,Backend Software Engineer,Health Recovery Solutions,
https://www.indeed.com/viewjob?jk=ff1c29a4c94857af,DevOps Engineer,Shipt,
https://www.indeed.com/viewjob?jk=91fd0027b9fbbfd0,DevOps Engineer,PayPal,
https://www.indeed.com/viewjob?jk=b2d7066d5282dec6,"Software Engineer, Search Relevance",Moveworks.ai,
https://www.indeed.com/viewjob?jk=6f063ffd38a3a1d0,Software Engineer,SPS COMMERCE,
https://www.indeed.com/viewjob?jk=ce7d0e8e69b86f87,Imaging Python Software Engineer Team Lead / Tech Lead - Rem...,Incopro,
https://www.indeed.com/viewjob?jk=937081c373628445,Senior Fullstack Engineer - Checkout,Bolt,
https://www.indeed.com/viewjob?jk=6395e27a5910746e,Serverside (Go) Developer,Files.com,
https://www.indeed.com/viewjob?jk=43f8f37c86b1a005,Engineer,Samsung Electronics,
https://www.indeed.com/viewjob?jk=95c00dc38f4a6413,Software Engineer,Kubient,
https://www.indeed.com/viewjob?jk=6c3d2f61cec9f22b,Software Engineer,Salesloft,
https://www.indeed.com/viewjob?jk=c90f416c21b9c143,Frontend Engineer,HouseCanary,
https://www.indeed.com/viewjob?jk=50f3c4fc08498f8e,Senior Full Stack Developer - Remote,Syngenta,
https://www.indeed.com/viewjob?jk=3f46b6655fd3472c,Junior Software Engineer,DIRECTV,
https://www.indeed.com/viewjob?jk=5ea839513fb6c365,"Staff Backend Engineer (Golang) NEW YORK, NYTECHNOLOGY – SOF...",Tonal,
https://www.indeed.com/viewjob?jk=3b93aa60fa16e7dc,"Backend Engineer, Video Experience",TikTok,
https://www.indeed.com/viewjob?jk=69283ac7831ab4d3,Software Engineer-Backend,Intuit,
https://www.indeed.com/viewjob?jk=f30de8f786e45991,Backend Software Engineer,Axway Software SA,
https://www.indeed.com/viewjob?jk=1df6521c752d31ed,Web Backend Developer,Intrepid Studios,
https://www.indeed.com/viewjob?jk=1a0b510c4849c56d,Senior iOS Engineer,Vivint Smart Home,
https://www.indeed.com/viewjob?jk=c2ba51b67263c6e7,Customer Engineer,Akoya,
https://www.indeed.com/viewjob?jk=5ddc912a44371468,Backend Server Engineer,Legends of Learning,
https://www.indeed.com/viewjob?jk=2af4eca2e83466d4,Principal Software Engineer,John Deere,
https://www.indeed.com/viewjob?jk=eaed883252172112,Software Development Engineer in Test - SDET - REMOTE,Veeam,
https://www.indeed.com/viewjob?jk=44a9684f383a57a5,Principal Engineer (iOS),Vivint Smart Home,
https://www.indeed.com/viewjob?jk=9c8d1005e1697083,"Software Engineer, Seller Profile",Square,
https://www.indeed.com/viewjob?jk=e664ea731a264570,"Backend Software Engineer, Global E-commerce",TikTok,
https://www.indeed.com/viewjob?jk=ffe97e180e70327e,Manager Software Engineering,Citizens,
https://www.indeed.com/viewjob?jk=5856aff2701589e5,Full Stack Software Engineer,Piper Companies,
https://www.indeed.com/viewjob?jk=ae9702ab001c14c9,Software Developer - Application Server Technologi,Capgemini,
https://www.indeed.com/viewjob?jk=3e381fb8447567f2,Sr. Software Engineer,PayPal,
https://www.indeed.com/viewjob?jk=2f3027adfbe65ef9,Staff Software Engineer - Python,Chewy,
https://www.indeed.com/viewjob?jk=94be20c49dec9740,Software Engineer - Career,Q2ebanking,
https://www.indeed.com/viewjob?jk=9110af23c50bfbf6,DevOps Engineer,Urjanet,
https://www.indeed.com/viewjob?jk=d46a2d6397a37763,Software Developer: University Hire,DevRev,
https://www.indeed.com/viewjob?jk=75231c01a8da1696,Infrastructure Engineer (Linux System Administrator) - US Re...,General Mills,
https://www.indeed.com/viewjob?jk=1b7c643f345f8378,GoLang Developer,Velvetech,
https://www.indeed.com/viewjob?jk=6408f974e894c760,Site Reliability Engineer--REMOTE,Splunk,
https://www.indeed.com/viewjob?jk=17f6cfa34ddf9593,"Software Engineer, Core Test Technologies, Gigafactory Nevad...",Tesla,
https://www.indeed.com/viewjob?jk=9bc15ad8aa52329d,Software Engineer,HP,
https://www.indeed.com/viewjob?jk=b2c3ddbd5a539f90,Principal C/Go Software Engineer,Tiggee,
https://www.indeed.com/viewjob?jk=3c4ed4d93c9ab601,Embedded Linux Engineer,Canonical - Jobs,
https://www.indeed.com/viewjob?jk=15968dc6ff2d508b,Technical Writer,Bolt,
https://www.indeed.com/viewjob?jk=6950cade53df0720,Senior Software Engineer,Red Hat Software,
https://www.indeed.com/viewjob?jk=c789d962c3fca97b,Blockchain consultants,Kynite,
https://www.indeed.com/viewjob?jk=7a0da031fb78edaf,Senior Python Engineer,Chewy,
https://www.indeed.com/viewjob?jk=bbbf6f4e85153bf6,"Senior Software Engineer, RippleX",Ripple,
https://www.indeed.com/viewjob?jk=8fd3c916b27feb98,"Build and Release Engineer, Apple Pay",Apple,
https://www.indeed.com/viewjob?jk=b482d8f533ee4541,"Senior Software Engineer -Golang, C++, Angular, Linux, IBM",Visa,
https://www.indeed.com/viewjob?jk=68bae92e3360528a,Senior Golang Engineer,Bestow,
https://www.indeed.com/viewjob?jk=2ab92255b19e2ecf,Sr Software Engineer,Netflix,
https://www.indeed.com/viewjob?jk=952524e6c0407135,Senior Software Engineer (Golang),Kunai Consulting,
https://www.indeed.com/viewjob?jk=3bc42da69cb53b14,Infrastructure DevOps,TikTok,
https://www.indeed.com/viewjob?jk=c0cfe5fb1301f8fe,Software Development Engineer in Test (SDET),TikTok,
https://www.indeed.com/viewjob?jk=f101a8bd8d9b1244,"Software Engineer - Opportunity for Working Remotely Boston,...",VMware,
https://www.indeed.com/viewjob?jk=25ccb51b9dbfefdf,Full Stack Developer,Diamond Foundry,
https://www.indeed.com/viewjob?jk=60f0832c2129a1a9,Chief IT Engineer Applications,Kaiser Permanente,
https://www.indeed.com/viewjob?jk=631796ce9b6d9ddd,IT Infrastructure Maintenance Engineer (System Engineer),99,
https://www.indeed.com/viewjob?jk=09886af8c0bd8531,Infrastructure Software Engineer,Apple,
https://www.indeed.com/viewjob?jk=35638703fc1d3077,"Software Engineer II, Interoperability",Unite Us,
https://www.indeed.com/viewjob?jk=b62b5a59d5aab613,Senior Software Engineer,IBM,
https://www.indeed.com/viewjob?jk=127a743ea26fc262,Sr. Engineer - Vela (CI/CD Pipeline Automation Tool) Golang...,TARGET,
https://www.indeed.com/viewjob?jk=bb5820ab0af49a39,Application Engineer III T,Elenchus Technologies,
https://www.indeed.com/viewjob?jk=ea5e1a882728e341,Engineering Lead - Senior Software Engineer,"JPMorgan Chase Bank, N.A.",
https://www.indeed.com/viewjob?jk=33b53dba9663e321,Senior Blockchain Engineer,Block,
https://www.indeed.com/viewjob?jk=ff5bf04f1d0881ea,Full Stack Developer - ID: PFM21,Power Fusion Media,
https://www.indeed.com/viewjob?jk=72d8f00d5cb71662,Distributed Systems Engineer - Video Core,Mux,
https://www.indeed.com/viewjob?jk=c3729b6b894127dc,"Software Engineer II, CNCF",UiPath,
https://www.indeed.com/viewjob?jk=6952b0e0c709cf44,Site Reliability Engineer,Opsera,
https://www.indeed.com/viewjob?jk=46090a1fd1153d8e,"Senior Software Engineer, Backend (Remote)",Aspiration Partners,
https://www.indeed.com/viewjob?jk=f1757d1ec7731bcf,Senior Software Engineer - Identity,Optimizely,
https://www.indeed.com/viewjob?jk=8d55cedc2f4dea9c,Software Engineer (Platform),Anchore,
https://www.indeed.com/viewjob?jk=d2267c1e7846af14,Software Engineering Manager - Canonical Fast Track,Canonical - Jobs,
https://www.indeed.com/viewjob?jk=37d4346c6e1dee15,"Sr. Backend Software Engineer, Cloud - Workflow Automation P...",CrowdStrike,
https://www.indeed.com/viewjob?jk=4b4bb7d27962546c,"Principal Software Engineering, IoT Cloud",Lucid Motors,
https://www.indeed.com/viewjob?jk=6ed833785adf471d,Lead Software Engineer - Python ML,Lowe's,
https://www.indeed.com/viewjob?jk=cc99551b11211e8c,Staff Software Engineer - Platform Architecture,Fanatics Inc.,
https://www.indeed.com/viewjob?jk=c392ab424d4665f2,Software Engineer,Cornerstone Defense,
https://www.indeed.com/viewjob?jk=8fd269cd4a91bb58,Full Stack Software Engineer,ViaSat,
https://www.indeed.com/viewjob?jk=7526caa7a903057b,Linux Software Engineer,Zero Electric Vehicles,
https://www.indeed.com/viewjob?jk=2598adae3d514760,"Director, Software Engineering",Vroom,
https://www.indeed.com/viewjob?jk=62f963708bdbced5,Senior Software Engineer - Customer Experience Engineering,Snowflake,
https://www.indeed.com/viewjob?jk=0df96bb4a05ee873,Software Engineer,IST Technology Solutions,
https://www.indeed.com/viewjob?jk=55d5f6117bf6069c,Senior Software Engineer - San Francisco,Scality,
https://www.indeed.com/viewjob?jk=b6a1e8a5ed9dab43,"Senior Software Engineer - Java, AWS",Ancestry,
https://www.indeed.com/viewjob?jk=dcb347f153040787,Software Engineer,Wework,
https://www.indeed.com/viewjob?jk=bb73cc13aaae4b02,"Engineer, Full-Stack (Sotheby's Financial Services)",Sotheby's,
https://www.indeed.com/viewjob?jk=44a9684f383a57a5,Principal Engineer (iOS),Vivint Smart Home,
https://www.indeed.com/viewjob?jk=cac23e48a7602864,Software Engineer,Platform9 Systems,
https://www.indeed.com/viewjob?jk=a90e1172f5ab2998,DevOps Engineer - Cloud Infrastructure,Fast AF,
https://www.indeed.com/viewjob?jk=60f7401747b2f334,Senior Site Reliability Engineer,Carta,
https://www.indeed.com/viewjob?jk=8fd3c916b27feb98,"Build and Release Engineer, Apple Pay",Apple,
https://www.indeed.com/viewjob?jk=bd3584ef935f4bd2,Backend Engineer,Airvet,
https://www.indeed.com/viewjob?jk=a1d3f4933ff716fa,"Backend Software Engineer, Global E-commerce",ByteDance,
https://www.indeed.com/viewjob?jk=c81328221118aaec,Sr. Fullstack Engineer - Web Development,Forward Financing,
https://www.indeed.com/viewjob?jk=e3b57f044fcc4b35,Systems Engineer,Newfold Digital,
https://www.indeed.com/viewjob?jk=c06610c5bf169d6b,Full Stack Software Engineer,SYNITI,
https://www.indeed.com/viewjob?jk=c325c631efb5ec6c,Go Engineer,CIX Software,
https://www.indeed.com/viewjob?jk=9f01c2d22ba82764,Sr. Software Engineer for Blockchain Tech,"JPMorgan Chase Bank, N.A.",
https://www.indeed.com/viewjob?jk=c09c848c830d05e3,Senior DevOps Engineer-Remote,First American,
https://www.indeed.com/viewjob?jk=b975950fcbf56521,"Software Engineer, Lead",Booz Allen Hamilton,
https://www.indeed.com/viewjob?jk=6eeca6e963dbddf1,Senior 3D Game Designer / Metaverse Engineer,Nike,
https://www.indeed.com/viewjob?jk=880264396e9b4713,Senior Software Engineer,John Deere,
https://www.indeed.com/viewjob?jk=e68c3d53bbf3f81f,Front End Software Engineer,Equityzen,
https://www.indeed.com/viewjob?jk=92a73f8974066d39,DevOps Engineer,SAP,
https://www.indeed.com/viewjob?jk=5d36b1cb18bf0e9e,Senior Software Engineer,Pantheon,
https://www.indeed.com/viewjob?jk=28e5fdf18fa89e49,"Backend Engineer, Video Experience",ByteDance,
https://www.indeed.com/viewjob?jk=47a90bd3b28eceaf,"Staff Software Engineer, MLOps",Domino Data Lab,
https://www.indeed.com/viewjob?jk=296305819bd81be8,Senior Backend Software Engineer,Friendbuy,
https://www.indeed.com/viewjob?jk=644bd00e48d4b3be,DEVOPS ENGINEER,"CALIBRE Systems, Inc.",
https://www.indeed.com/viewjob?jk=80863f13ca5fecbd,Senior Backend Engineer (Golang/Go) - Remote,Rain Instant Pay,
https://www.indeed.com/viewjob?jk=949620ad35787908,Staff Software Engineer - Observability Products,Visa,
https://www.indeed.com/viewjob?jk=10f1a8cf1020b42a,Senior Software Engineer - Remote US,Egnyte,
https://www.indeed.com/viewjob?jk=49edd6d4d0411c04,Software Engineer Sr Consultant I,National General Insurance,
https://www.indeed.com/viewjob?jk=28cfbf7098a2cc34,Software Engineer,Alert Logic,
https://www.indeed.com/viewjob?jk=2a5aed82dac75a28,DevOps / SRE,Platform.sh,
https://www.indeed.com/viewjob?jk=bf7fcc43884e1656,Senior Embedded Software Engineer,"Verve, Inc.",
https://www.indeed.com/viewjob?jk=42fffcb87609340f,Senior Software Engineer,ANDURIL INDUSTRIES,
https://www.indeed.com/viewjob?jk=b5548d6303da01d4,Blockchain Cloud Architect,Verizon,
https://www.indeed.com/viewjob?jk=dc67ae1ef4c0c689,"Software Engineer, Platform REMOTEENGINEERING – APPLICATION...",Recurly,
https://www.indeed.com/viewjob?jk=a6fd328bc65aa031,Systems Software Engineer,Emory University,
https://www.indeed.com/viewjob?jk=a877e2909612e71f,Software Development Engineer in Test,Chainlink Labs,
https://www.indeed.com/viewjob?jk=5bfca069e7be919c,Services Programmer,id Software,
https://www.indeed.com/viewjob?jk=ccba1da5e284e556,Mobile Engineer II,Mothership Technologies,
https://www.indeed.com/viewjob?jk=271a06c382842c34,Principal Software Engineer/Tech Lead (Edge Stack),Ambassador Labs,
https://www.indeed.com/viewjob?jk=7647824deaa78dca,Member of Technical Staff - Security,Nutanix,
https://www.indeed.com/viewjob?jk=068557083fea9b26,Infrastructure Engineer REMOTEENGINEERING – PLATFORM ENGINEE...,Recurly,
https://www.indeed.com/viewjob?jk=4722f409c67ee360,Distinguished Engineer - CI/CD,Bill.com,
https://www.indeed.com/viewjob?jk=870a8a8b488c81a9,Senior React Developer,Softvision,
https://www.indeed.com/viewjob?jk=a66230573453f8f7,Cyber Research Engineer - Public Sector (Cortex),Palo Alto Networks,
https://www.indeed.com/viewjob?jk=767597d7b403405f,DevOps Engineer,Dell Technologies,
https://www.indeed.com/viewjob?jk=12da0c719be19168,Sr. Software Engineer,Kubient,
https://www.indeed.com/viewjob?jk=c79c84e630244e1d,Sr. Engineer (Remote),CrowdStrike,
https://www.indeed.com/viewjob?jk=4d43f425bb0b8ad1,"Sr. Software Engineer, Audience Signals",Quantcast,
https://www.indeed.com/viewjob?jk=44ca009bf4536e1f,Backend PHP Developer,First Beat Media,
https://www.indeed.com/viewjob?jk=3e381fb8447567f2,Sr. Software Engineer,PayPal,
https://www.indeed.com/viewjob?jk=679cacea3ae5a53d,"Tech Lead Backend Software Engineer (Remote, Americas)",Shopify,
https://www.indeed.com/viewjob?jk=8878a139469c89cd,Software Engineer - Video,Mux,
https://www.indeed.com/viewjob?jk=d7f4da45b8f6ede1,Insomniac - Software Engineer,Live Nation,
https://www.indeed.com/viewjob?jk=3c277b97c98fc12b,Engineer,Shipt,
https://www.indeed.com/viewjob?jk=1334aa91f1cdc669,"Staff Engineer, Backend",Build1,
https://www.indeed.com/viewjob?jk=d4544141413aa5bd,Senior Software Engineer - Golang REMOTE,BlackBerry,
https://www.indeed.com/viewjob?jk=870a8a8b488c81a9,Senior React Developer,Softvision,
https://www.indeed.com/viewjob?jk=7e5ba1b1d88be9de,"Software Engineer, GoLang",Koalafi,
https://www.indeed.com/viewjob?jk=c79c84e630244e1d,Sr. Engineer (Remote),CrowdStrike,
https://www.indeed.com/viewjob?jk=2d1ed1431b5b94a1,Senior Software Developer,Experient Group,
https://www.indeed.com/viewjob?jk=0c3e4b45d3187519,Senior Back End Developer (Golang),Tetrad Digital Integrity LLC,
https://www.indeed.com/viewjob?jk=5d36b1cb18bf0e9e,Senior Software Engineer,Pantheon,
https://www.indeed.com/viewjob?jk=a90e1172f5ab2998,DevOps Engineer - Cloud Infrastructure,Fast AF,
https://www.indeed.com/viewjob?jk=62708c96dc926919,"Staff Software Engineer, Web (Remote)",Tapcart,
https://www.indeed.com/viewjob?jk=e823b692d175427f,"Staff Software Engineer, Licensing & Billing",Outreach,
https://www.indeed.com/viewjob?jk=ce6cf403a5a0df6b,Software Engineer - Full Stack,Abbott Laboratories,
https://www.indeed.com/viewjob?jk=5cce22e0115cccfc,GoLang + AWS Developer (Remote-USA),Codenetix LLC,
https://www.indeed.com/viewjob?jk=e70de6703dea9621,Backend Engineer,HouseCanary,
https://www.indeed.com/viewjob?jk=d3396a96964785b1,SOFTWARE ENGINEER,STAND 8,
https://www.indeed.com/viewjob?jk=be48ae75047fac44,Fullstack Engineer (Customer Success),Docker,
https://www.indeed.com/viewjob?jk=d41a28d7d4719477,Software Engineer In Test (Remote),NetApp,
https://www.indeed.com/viewjob?jk=e5c37e0deef34afa,DevOps Engineer,CAPCO,
https://www.indeed.com/viewjob?jk=fa91eae9a65062fa,Staff Software Engineer - Python,Chewy,
https://www.indeed.com/viewjob?jk=d753f0625c4feb27,Middle/Senior DevOps Engineer,Eleks,
https://www.indeed.com/viewjob?jk=78fe242bf32a2736,"Lead Product Management & Development, Developer Relations",AT&T,
https://www.indeed.com/viewjob?jk=b0d99c78bc4e3783,Software Engineer,Microsoft,
https://www.indeed.com/viewjob?jk=ca0f067ac4f05f2e,Software Engineer,Apple,
https://www.indeed.com/viewjob?jk=0f15b48d87c9a812,"Senior System Development Engineer, Local Compute Infrastruc...","Amazon Data Services, Inc.",
https://www.indeed.com/viewjob?jk=8f1166e780633ddc,Full Stack Engineer,Skipify,
https://www.indeed.com/viewjob?jk=1d8114870d23484b,Senior DevOps Engineer,FlexIT Inc,
https://www.indeed.com/viewjob?jk=cc94b513824d1ec6,Software Automation Engineer (golang),SIS,
https://www.indeed.com/viewjob?jk=e859aea2f32a208f,Senior Frontend Engineer - Checkout,Bolt,
https://www.indeed.com/viewjob?jk=0022a46de4ab8112,Software Development Engineer in Test,TikTok,
https://www.indeed.com/viewjob?jk=c12f7912fc75c82e,Software Engineering Manager,Veho,
https://www.indeed.com/viewjob?jk=2cb863b95f959e9e,Principal Software Engineer,Microsoft,
https://www.indeed.com/viewjob?jk=2c74099992529d04,Software Engineer,Happy Returns Inc,
https://www.indeed.com/viewjob?jk=d10f2e22140440fb,Staff Application Operations Engineer,Intuit,
https://www.indeed.com/viewjob?jk=be3219ee02bf0d0b,"Senior Software Engineer, Infrastructure",Lime,
https://www.indeed.com/viewjob?jk=5242886b28264e7d,Senior Software Engineer,Fidelity Investments,
https://www.indeed.com/viewjob?jk=504a80d20d0e7288,Software Development Engineer,FlexIT Inc,
https://www.indeed.com/viewjob?jk=402e3e36a16a344d,"Security Software Engineer, University Graduate 2022",TikTok,
https://www.indeed.com/viewjob?jk=e02ccef8e25b8b72,Senior System/Software QA Engineer,Hewlett Packard Enterprise,
https://www.indeed.com/viewjob?jk=769d707b84df8d6a,DevOps Engineer,Infor,
https://www.indeed.com/viewjob?jk=e3b57f044fcc4b35,Systems Engineer,Newfold Digital,
https://www.indeed.com/viewjob?jk=84d94e88aad33c20,Backend Engineer (Remote),ReviewTrackers,
https://www.indeed.com/viewjob?jk=fdf1fa6450dd425b,Software Engineer (Telepresence),Ambassador Labs,
https://www.indeed.com/viewjob?jk=df1190c64f243158,"Staff Software Engineer (Back-End), OLI",Outreach,
https://www.indeed.com/viewjob?jk=63273ca6b96b4f38,Software Engineer II (C#),Veson Nautical,
https://www.indeed.com/viewjob?jk=aca9233d25d94512,"Frontend Engineer - React, Cryptowatch",kraken,
https://www.indeed.com/viewjob?jk=16fa2282ddab25bc,"Software Development Engineer, eCommerce",Samsung Electronics,
https://www.indeed.com/viewjob?jk=cbb385c68ec74737,Site Reliability Engineer - Rust - Core Backend,kraken,
https://www.indeed.com/viewjob?jk=bde5f20aa8327d2d,Senior Software Engineer - International Safety,99,
https://www.indeed.com/viewjob?jk=dabc769d5d19a78e,DevOps Application Administrator,Pro2Serve,
https://www.indeed.com/viewjob?jk=6950cade53df0720,Senior Software Engineer,Red Hat Software,
https://www.indeed.com/viewjob?jk=02c2383be0916431,Software Development Engineer II - REMOTE,Office Depot,
https://www.indeed.com/viewjob?jk=d1233b766a45cda9,Software Engineer II - Statwing Products,Qualtrics,
https://www.indeed.com/viewjob?jk=9110af23c50bfbf6,DevOps Engineer,Urjanet,
https://www.indeed.com/viewjob?jk=bf362adbc57f4f80,Systems Architect (Multiple Levels),Red Alpha LLC,
https://www.indeed.com/viewjob?jk=2357a450cf49d6b2,"Senior Software Engineer, Provenance Blockchain",Figure,
https://www.indeed.com/viewjob?jk=a5203808accf7464,Back End Software Engineers,Equityzen,
https://www.indeed.com/viewjob?jk=02dcf4906316c101,Software Engineer - Hybrid Cloud Storage,IBM,
https://www.indeed.com/viewjob?jk=6d61e8e0de0ddb19,Principal Software Engineer,Red Hat Software,
https://www.indeed.com/viewjob?jk=ce0239799d8b6fae,Senior Full Stack Developer,"Lighter, Inc.",
https://www.indeed.com/viewjob?jk=e9f2bf897ac560f6,Software Engineer,"Trusted Concepts, Inc",
https://www.indeed.com/viewjob?jk=68abd6cc9c61edf6,Software Engineer (Apple),Ivanti,
https://www.indeed.com/viewjob?jk=ff72f60c9e95bc02,Backend Services Engineer,ZeniMax Media Inc.,
https://www.indeed.com/viewjob?jk=947f58a699a8cb9b,Software Engineer,Kochava,
https://www.indeed.com/viewjob?jk=36c7b4c5e05a35e3,Senior Software Engineer - DevOps,Adobe,
https://www.indeed.com/viewjob?jk=50c81bc5095016d8,DevOps Engineer II,Pacific Northwest National Laboratory,
https://www.indeed.com/viewjob?jk=8fd89b644c56f0e1,Senior Back-End Developer,OnFrontiers,
https://www.indeed.com/viewjob?jk=35f09aafb7dcf22b,Software Development Engineer II,Luma Financial Technologies,
https://www.indeed.com/viewjob?jk=2ccb56b32a5a42c6,Software Engineer,FactSet Research Systems,
https://www.indeed.com/viewjob?jk=5cea26152930eae1,"Senior Software Engineer, Search Relevance",Moveworks.ai,
https://www.indeed.com/viewjob?jk=4953c1a0e77bdd75,Software Engineer,Synamedia,
https://www.indeed.com/viewjob?jk=60e91087654b2eac,"Sr. Software Engineer, Platform",SentiLink,
https://www.indeed.com/viewjob?jk=f46fd8dbd6761b2d,Software Engineer - Developer Desktop,Goldman Sachs,
https://www.indeed.com/viewjob?jk=8cb245ea6bb28f8a,Services Programmer,ZeniMax Media Inc.,
https://www.indeed.com/viewjob?jk=7b841883d7f77753,Sr Software Engineer,GE Renewable Energy,
https://www.indeed.com/viewjob?jk=fb719f9cb4668804,Frontend Software Engineer,LeetCode,
https://www.indeed.com/viewjob?jk=a2760f14c5a43911,Staff Software Engineer(Remote),WarnerMedia,
https://www.indeed.com/viewjob?jk=e97ab4dc90b282d0,Site Reliability Engineer (DevOps),Abbott Laboratories,
https://www.indeed.com/viewjob?jk=07b13bce28cc4a3e,"AI/ML- Performance Engineer in Test- Siri Search, Knowledge...",Apple,
https://www.indeed.com/viewjob?jk=e617bd6ebef2cb5e,Devops/Automation Architect (Automation),NR Consulting LLC,
https://www.indeed.com/viewjob?jk=1426f73ccc1fb33e,"Sr Engineer, Software - Dallas (Multiple Openings)",T-Mobile,
https://www.indeed.com/viewjob?jk=654bba978f521e4f,DevOps Engineer,Audax Labs,
https://www.indeed.com/viewjob?jk=3ca46a38d8b16541,Solutions Engineering Manager,Apple,
https://www.indeed.com/viewjob?jk=5f726013c1fff671,Senior Software Engineer,Salesforce,
https://www.indeed.com/viewjob?jk=88ece447699abba8,Software Engineer,3D Systems,
https://www.indeed.com/viewjob?jk=27098f71bfd01aad,Senior Software Engineer - Platform (Remote),Upgrade,
https://www.indeed.com/viewjob?jk=75a1dd318e960a71,Software Engineer - (Nutanix Monitoring and Analytics),Nutanix,
https://www.indeed.com/viewjob?jk=01cce1138e802b06,AppD Software Engineer (GoLang),AppDynamics,
https://www.indeed.com/viewjob?jk=5398fe5c5efb6bcb,Principal Software Engineer,WarnerMedia,
https://www.indeed.com/viewjob?jk=fbac4c2b087e88e9,Senior Software Engineer (Software Support Escalation),ChargePoint,
https://www.indeed.com/viewjob?jk=c02fb0183309b041,Advanced Software Engineer,Honeywell,
https://www.indeed.com/viewjob?jk=bd4f83973d55fb20,Full Stack Software Engineer,Veritas Technologies,
https://www.indeed.com/viewjob?jk=6d3c45910c47eed2,Remote Staff Software Engineer,Toyota,
https://www.indeed.com/viewjob?jk=6ec2dc6cc06d0dee,Staff SW Engineer,Visa,
https://www.indeed.com/viewjob?jk=4736168c29a8c571,IT Analyst Programmer - Remote,Mayo Clinic,
https://www.indeed.com/viewjob?jk=1aa0bb6bffbdc20f,Web Developer,Dewberry,
https://www.indeed.com/viewjob?jk=498b72b831a2fc5e,DevOps Engineer (Remote US),Mandiant,
https://www.indeed.com/viewjob?jk=a80378c1cbf83ba0,Principal Software Engineer - Digital Innovation Group,Providence,
https://www.indeed.com/viewjob?jk=4b355e551bef2959,DevOps Engineer,Hewlett Packard Enterprise,
https://www.indeed.com/viewjob?jk=81d74f897c09daf2,Back-End Senior Developer,Sky Republic,
https://www.indeed.com/viewjob?jk=02635da95e5e0b43,"Senior Staff Software Engineer (Back-End), TAU",Outreach,
https://www.indeed.com/viewjob?jk=69b3a34489fb8a22,Sr. Dev Ops Engineer,Nuvve Corporation,
https://www.indeed.com/viewjob?jk=0f10e5c7a615b3e1,Senior System Software Engineer - Autonomous Vehicles,NVIDIA,
https://www.indeed.com/viewjob?jk=b3fba9a267adb6bc,Senior Software Engineer - Voice Services,Roku,
https://www.indeed.com/viewjob?jk=768d5c6e39d37ceb,Software Engineer - Data Platform,Plaid,
https://www.indeed.com/viewjob?jk=1fe9653be1d0874d,Full Stack Software Developer,Broadcom,
https://www.indeed.com/viewjob?jk=0d65ac2518a491de,Senior Technical Staff Data Engineer - Data Platform,Visa,
https://www.indeed.com/viewjob?jk=43ec24d47c211586,Senior Backend Engineer,OpenAsset,
https://www.indeed.com/viewjob?jk=30b377171da5d14e,Senior DevOps Engineer,Recorded Future,
https://www.indeed.com/viewjob?jk=148470216fb8105a,Software Engineer,CBRE,
https://www.indeed.com/viewjob?jk=ab04b4cf03a0b122,Software Developer,Novanta,
https://www.indeed.com/viewjob?jk=1e4f9d37333c2b2b,Software Developer,EverWatch,
https://www.indeed.com/viewjob?jk=b28894bd046884b3,"Engineer III, Software",Voith Group,
https://www.indeed.com/viewjob?jk=99f2432d7e82a700,Sr. Software Engineer - .Net/Java Engineer Vitacost Team,Kroger,
https://www.indeed.com/viewjob?jk=3326355fe07738ad,"Sr. Data Engineer, AI Platform",Visa,
https://www.indeed.com/viewjob?jk=1aa2dbe315862c79,"SW Dev Engineer (SEA/Bay Area), AWS IOT FleetWise","Amazon Dev Center U.S., Inc.",
https://www.indeed.com/viewjob?jk=bcde22155a151dd0,Senior Software Engineer for GreenLake as-a-Service Developm...,Hewlett Packard Enterprise,
https://www.indeed.com/viewjob?jk=33bea4514557b5d7,"Senior Software Engineer, Full-Stack",FullStory,
https://www.indeed.com/viewjob?jk=2ffd7359195b75b5,"Application Security Developer (Remote), CNS",Cisco Systems,
https://www.indeed.com/viewjob?jk=9bf1ad2000ccf1d4,Software Developer,Aces Incorporated,
https://www.indeed.com/viewjob?jk=4c13ad649edb9bfe,Backend Software Engineer,The University of Chicago,
https://www.indeed.com/viewjob?jk=f93896ebeeb19d8d,"Software Engineer, Business Support Systems",Jumpcloud,
https://www.indeed.com/viewjob?jk=61f68f49d055a99c,"Senior Frontend Engineer, Observability",GitLab,
https://www.indeed.com/viewjob?jk=47a4460b5659a875,Principal Software Engineer - AMF,Casa Systems Inc,
https://www.indeed.com/viewjob?jk=ee1e02cdf149cc22,"Senior Backend Developer, Trust and Safety",TextNow,
https://www.indeed.com/viewjob?jk=9ed6b9fcc11d1ad7,Senior Software Engineer,IT People,
https://www.indeed.com/viewjob?jk=1c0d7ac8fc551780,Software Senior Engineer - Remote,Dell Technologies,
https://www.indeed.com/viewjob?jk=dd385dd460ea8f88,Software Engineer - Backend - Atlanta,Snowfall,
https://www.indeed.com/viewjob?jk=9f502465ea55864a,Senior Web Application Engineer,MathWorks,
https://www.indeed.com/viewjob?jk=912e336cfcb6a25a,Senior Software Engineer,ViaSat,
https://www.indeed.com/viewjob?jk=735e8044179647f2,Java Developer (SL: 9/16),Pinnacle Group,
https://www.indeed.com/viewjob?jk=fa410fc5a151c68c,"Senior Member of Technical Staff, Performance Engineering -...",Salesforce,
https://www.indeed.com/viewjob?jk=55c9f343da4de391,Software Engineer,Akoya,
https://www.indeed.com/viewjob?jk=71d611e49d83c76d,Senior Data Engineer - Java (REMOTE),Apex Clearing,
https://www.indeed.com/viewjob?jk=c80540b73546ac50,Senior Platform Engineer,Medtronic,
https://www.indeed.com/viewjob?jk=5fbd7f336597b0e5,"Principal Software Engineer (Server) - Tech Enablement, Cent...",Zynga,
https://www.indeed.com/viewjob?jk=02254970ac111d5f,Senior Full Stack Developer,Verizon,
https://www.indeed.com/viewjob?jk=9798a2e687915dba,Sr Software Engineer,Rafay Systems,
https://www.indeed.com/viewjob?jk=33bf00a0f770dde7,Senior Software Engineer - ML / AI,Ericsson,
https://www.indeed.com/viewjob?jk=973e59968a43d12b,Software Engineer III,SkySlope,
https://www.indeed.com/viewjob?jk=68c8eafcde6852ba,Principal Member of Technical Staff,Oracle,
https://www.indeed.com/viewjob?jk=31823ccf5cd44c10,Full Stack Engineer II,Granite Telecommunications,
https://www.indeed.com/viewjob?jk=103a059e2cb677c2,Senior Backend Engineer,Mobalytics,
https://www.indeed.com/viewjob?jk=f2cc3aac965d37ba,Senior Software Engineer,Palo Alto Networks,
https://www.indeed.com/viewjob?jk=44c8434b366b71f8,Software Engineering Advisor (Java Developer)Evernorth,Cigna,
https://www.indeed.com/viewjob?jk=d0ff6046c8f3886c,Senior Software Engineer,Happy Returns,
https://www.indeed.com/viewjob?jk=a1efdc5d2de7a27d,Senior Back End Developer (REMOTE),Kyndryl,
https://www.indeed.com/viewjob?jk=810cc8d93ec45cf6,Software Engineer 2 - Full-stack Site,Zulily,
https://www.indeed.com/viewjob?jk=e30f2d0b1320af45,Engineer - Cloud Engineering (Go or Java),Amex,
https://www.indeed.com/viewjob?jk=f1410be278ecef50,Site Reliability Engineer,Cloud Imperium Games,
https://www.indeed.com/viewjob?jk=0bd93758d9fee48a,Senior Platform Software Engineer Test - Telecommute,UnitedHealth Group,
https://www.indeed.com/viewjob?jk=4a1c0ecf4ef494b5,"Staff Engineer, API Security",Netskope,
https://www.indeed.com/viewjob?jk=3ad2affe5d30c4eb,Software Engineer (SE) Level 0,General Dynamics Information Technology,
https://www.indeed.com/viewjob?jk=d88c403092f8829b,"Manager, Platform Engineering SAN FRANCISCO, CATECHNOLOGY –...",Tonal,
https://www.indeed.com/viewjob?jk=be3219ee02bf0d0b,"Senior Software Engineer, Infrastructure",Lime,
https://www.indeed.com/viewjob?jk=eb2b5c24b228ed0e,DevOps Engineer,Koalafi,
https://www.indeed.com/viewjob?jk=09eb4f0105d1b7de,Senior Software Engineer,"R1 RCM, Inc.",
https://www.indeed.com/viewjob?jk=8f43928c9616b068,Developer Backend,Luxoft,
https://www.indeed.com/viewjob?jk=e4dfc6cf7ccd2cdb,"Sr. Manager, Software Engineering",Vroom,
https://www.indeed.com/viewjob?jk=0dd900bee6403d1a,Sr. Software Engineer,Rubrik Job Board,
https://www.indeed.com/viewjob?jk=e3b17b286021e2cf,"Database Software Engineer/Researcher, Infrastructure System...",ByteDance,
https://www.indeed.com/viewjob?jk=45a4d46172407fa4,Full Stack Developer,Experient Group,
https://www.indeed.com/viewjob?jk=85719116adeb9ec1,Principal Software Engineer (Server),SciPlay,
https://www.indeed.com/viewjob?jk=62f5d98c28eb3fcb,Sr. Software Developer - Terraform Platform Team,Aviatrix,
https://www.indeed.com/viewjob?jk=b3203b474c3b6621,Cleared Application Engineer (All Levels),Kepora LLC,
https://www.indeed.com/viewjob?jk=89f592c58ff0dd3e,Senior DevOps Engineer,RELX,
https://www.indeed.com/viewjob?jk=955363becafc08bd,Senior Full Stack Engineer,LEDGESTONE INSURANCE GROUP,
https://www.indeed.com/viewjob?jk=a934b31528981987,"Backend Engineer, Lark Innovation",Lark,
https://www.indeed.com/viewjob?jk=ea45efa60b4ad123,Full-Stack Software Developer,"Linc Global, Inc.",
https://www.indeed.com/viewjob?jk=8a1d8a1403f9a9c2,Sr. Video Software Engineer (REMOTE),CBS,
https://www.indeed.com/viewjob?jk=8ef9f5b17831b34e,Senior Software Engineer - Remote,Mayo Clinic,
https://www.indeed.com/viewjob?jk=73d52c358d0a6aeb,Client Platform IT Engineer,Roblox,
https://www.indeed.com/viewjob?jk=a6f697f3eeec8fb3,Site Reliability Engineer (JoinOCI),Oracle,
https://www.indeed.com/viewjob?jk=1a8feca58edecfa3,"Senior Software Engineer (Full Stack), Product - Portal",SVT Robotics,
https://www.indeed.com/viewjob?jk=845104fd2c604629,Software Engineer,Elenchus Technologies,
https://www.indeed.com/viewjob?jk=983e15b487cb4a69,Software Engineer - Python - Kubernetes,Canonical - Jobs,
https://www.indeed.com/viewjob?jk=c100b9f3e7ef1753,Remote - Full Stack Developer,Iron EagleX,
https://www.indeed.com/viewjob?jk=4679fceb5e0b4e55,Senior Software Engineer,Northwestern Mutual,
https://www.indeed.com/viewjob?jk=cf925c730fd83398,Engineer - Marketing Platform Team,Shipt,
https://www.indeed.com/viewjob?jk=85bb4c149b66615a,Security Engineer,Platform.sh,
https://www.indeed.com/viewjob?jk=d9f6623780a51d8d,"Senior React Developer- Waltham, MA; Naples, FL; Remote opti...",Arthrex,
https://www.indeed.com/viewjob?jk=291d35e0a7d4bcab,Jr. Site Reliability Engineer,3PL Central LLC,
https://www.indeed.com/viewjob?jk=93b9abdc4649701e,"Software Engineer (HeNB-GW, MME, AMF)",Casa Systems Inc,
https://www.indeed.com/viewjob?jk=afc8c9123d897013,Infrastructure Software Engineer,Braintree,
https://www.indeed.com/viewjob?jk=7ae672d327b4f33a,MATLAB Online Senior Software Engineer,MathWorks,
https://www.indeed.com/viewjob?jk=6ce90cbcd0e9c9f2,Software Engineer - Payments,Shipt,
https://www.indeed.com/viewjob?jk=637966973f3aa4e5,Kubernetes Platform Engineer,DataRobot,
https://www.indeed.com/viewjob?jk=1a20fa45e92c4ae2,Director Engineering,Fox Corporation,
https://www.indeed.com/viewjob?jk=5f32fbde25f2b83b,Software Engineer - Core Platform - 22649,Splunk,
https://www.indeed.com/viewjob?jk=4ca13936ef092e49,Senior DevOps Engineer - Secureworks - 100% Remote,Secureworks,
https://www.indeed.com/viewjob?jk=fd6cd12bd6febb51,Software Engineer - Azure Kubernetes Service,Microsoft,
https://www.indeed.com/viewjob?jk=4708ca6b53380913,Senior Backend Software Engineer (LATAM) | Remote,Hopper,
https://www.indeed.com/viewjob?jk=42a33d61840058ba,"Senior Software Engineer, Adserver",Yieldmo,
https://www.indeed.com/viewjob?jk=60409c13813cb894,Principal Software Engineer - Digital Innovation Group,Providence,
https://www.indeed.com/viewjob?jk=37c900c3805b87bb,Software Developer: Systems,DevRev,
https://www.indeed.com/viewjob?jk=c32f2fecfb0a9cc4,Software Engineering Co-op for Data and Systems Integration,Two Six Technologies,
https://www.indeed.com/viewjob?jk=1d7c667689e39e00,Sr. Software Engineer,Equifax,
https://www.indeed.com/viewjob?jk=e3681ddceb598f5d,"Backend Engineer, Core Architecture",Honey,
https://www.indeed.com/viewjob?jk=1d020111ee1aa50a,"Software Engineer, Backend",GoGuardian,
https://www.indeed.com/viewjob?jk=564e195a67390f3b,Engineer - Platform Services: API Platform,TARGET,
https://www.indeed.com/viewjob?jk=015d7567058e0bc5,DevOps Engineer,Anomali,
https://www.indeed.com/viewjob?jk=05811001d77c04b1,Staff SaaS Security Engineer,Infoblox,
https://www.indeed.com/viewjob?jk=654bba978f521e4f,DevOps Engineer,Audax Labs,
https://www.indeed.com/viewjob?jk=35762920bd97f296,Polyglot Developer Golang API Engineering,"JPMorgan Chase Bank, N.A.",
https://www.indeed.com/viewjob?jk=2e98962c8f795327,Senior Backend Developer - Rapid Development Team - Opportun...,VMware,
https://www.indeed.com/viewjob?jk=f729866baabe2fa9,"Senior Software Engineer, Security",Doximity,
https://www.indeed.com/viewjob?jk=3ca46a38d8b16541,Solutions Engineering Manager,Apple,
https://www.indeed.com/viewjob?jk=a164a9c7b0072b39,Smart Contract Auditor,Chainlink Labs,
https://www.indeed.com/viewjob?jk=236c47e02a4afec4,Remote Full Stack Software Engineer,Digital Turbine,
https://www.indeed.com/viewjob?jk=94043c01e3a3587b,Senior Software Engineer,Chameleon Consulting Group LLC,
https://www.indeed.com/viewjob?jk=8a646a9ec2f5b541,Back End Software Engineer,Vroom,
https://www.indeed.com/viewjob?jk=28cfbf7098a2cc34,Software Engineer,Alert Logic,
https://www.indeed.com/viewjob?jk=980c78f952c2ff3a,Associate Software Engineer,SS&C Technologies,
https://www.indeed.com/viewjob?jk=02635da95e5e0b43,"Senior Staff Software Engineer (Back-End), TAU",Outreach,
https://www.indeed.com/viewjob?jk=5fad23e54f5bbdfe,"Staff Front End Engineer, Customer Experience",Pantheon,
https://www.indeed.com/viewjob?jk=ae5258a28d0d9ac8,AMB-105-076 Software Developer,Business Transformation Institute,
https://www.indeed.com/viewjob?jk=4d26e8610dbef4df,Full Stack Developer,Zachary Piper Solutions,
https://www.indeed.com/viewjob?jk=f408f0a076175a93,"Senior Software Developer, Back-end engineer, Hotels-On-Web",Hopper,
https://www.indeed.com/viewjob?jk=4679fceb5e0b4e55,Senior Software Engineer,Northwestern Mutual,
https://www.indeed.com/viewjob?jk=cab93a8ef01ceeb6,Core Infrastructure Engineer - DevOps - Orchestration,Kraken Digital Asset Exchange,
https://www.indeed.com/viewjob?jk=2598adae3d514760,"Director, Software Engineering",Vroom,
https://www.indeed.com/viewjob?jk=f20b702988b1ea47,"Staff Software Engineer, Native Billing",WarnerMedia,
https://www.indeed.com/viewjob?jk=86191981005eafb3,Blockchain Senior Engineer,ION,
https://www.indeed.com/viewjob?jk=efb6de331ef0cb37,Site Reliability Engineer,Pinterest,
https://www.indeed.com/viewjob?jk=42a5a2a8ee48e763,Software Engineer II,FIS Global,
https://www.indeed.com/viewjob?jk=7a0ad6a88a88f2a6,Senior or Lead Systems Engineer,Salesforce,
https://www.indeed.com/viewjob?jk=174d5430eb60e394,Senior Full Stack Developer (Remote - USA),Fevo,
https://www.indeed.com/viewjob?jk=13daaae3722c8a17,Sr Software Engineer - 3D Modeling,EagleView,
https://www.indeed.com/viewjob?jk=2a59bc6d24dd5287,Cloud Developer Java,HP,
https://www.indeed.com/viewjob?jk=3c376461c1c6a783,Technical Content Developer (Platform Engineering) - Opportu...,VMware,
https://www.indeed.com/viewjob?jk=925e202b0059d8b3,Application Engineer,Swiss Re,
https://www.indeed.com/viewjob?jk=6c183e4f3bef92a2,"Engineer III, Software Process Engineering",Samsung Electronics,
https://www.indeed.com/viewjob?jk=ca502dd21c99042c,Senior Engineer Backend - Data intensive systems,Jupiter Intelligence,
https://www.indeed.com/viewjob?jk=527a0079dbdcf1c6,Senior API Engineer,Point One Navigation,
https://www.indeed.com/viewjob?jk=0dd900bee6403d1a,Sr. Software Engineer,Rubrik Job Board,
https://www.indeed.com/viewjob?jk=02c2383be0916431,Software Development Engineer II - REMOTE,Office Depot,
https://www.indeed.com/viewjob?jk=018e39cdf17dc730,Senior Platform Engineer,WeTransfer,
https://www.indeed.com/viewjob?jk=ce113e321040895b,Software Developer: Full-Stack,DevRev,
https://www.indeed.com/viewjob?jk=a5203808accf7464,Back End Software Engineers,Equityzen,
https://www.indeed.com/viewjob?jk=5561b12c9ad703c5,"Sr. Software Engineer, Core Services",Vimeo,
https://www.indeed.com/viewjob?jk=4953c1a0e77bdd75,Software Engineer,Synamedia,
https://www.indeed.com/viewjob?jk=f1c151c0113271b4,Platform Engineer - SaaS Fundamentals Job,Acuity Brands,
https://www.indeed.com/viewjob?jk=35638703fc1d3077,"Software Engineer II, Interoperability",Unite Us,
https://www.indeed.com/viewjob?jk=75a1dd318e960a71,Software Engineer - (Nutanix Monitoring and Analytics),Nutanix,
https://www.indeed.com/viewjob?jk=b8b1dec37a3e457b,Staff Observability Software Engineer,Zendesk,
https://www.indeed.com/viewjob?jk=19efd7796ff130f5,Full Stack Engineer,Facet Wealth,
https://www.indeed.com/viewjob?jk=ae3e0551ed028b9a,Sr. Software Engineer (Go),Viant,
https://www.indeed.com/viewjob?jk=21eec5618b0f6e34,Senior Software Backend Engineer (Golang),Osmo,
https://www.indeed.com/viewjob?jk=8e20b46e75daad59,Software Engineer - Periscope Trading,0x,
https://www.indeed.com/viewjob?jk=f687ac651fb91e1d,Sr. Software Engineer - iOS,TradeStation,
https://www.indeed.com/viewjob?jk=c4befd8ca53d64c1,"Software Engineer, Backend (Risk)",Afterpay Touch,
https://www.indeed.com/viewjob?jk=296305819bd81be8,Senior Backend Software Engineer,Friendbuy,
https://www.indeed.com/viewjob?jk=5aa72a49c429c340,Senior Front-end Engineer,Messari,
https://www.indeed.com/viewjob?jk=e823b692d175427f,"Staff Software Engineer, Licensing & Billing",Outreach,
https://www.indeed.com/viewjob?jk=fcdfc5a498cb7078,Site Reliability Engineer (All Levels),Apptio,
https://www.indeed.com/viewjob?jk=49edd6d4d0411c04,Software Engineer Sr Consultant I,National General Insurance,
https://www.indeed.com/viewjob?jk=5aa984c513c27e1b,Software Engineer – Full Stack,KLA,
https://www.indeed.com/viewjob?jk=c23f12fb699f6c8b,Software Engineer,SugarCRM,
https://www.indeed.com/viewjob?jk=4bf1ce654ead6c18,Software Engineer,Vectra,
https://www.indeed.com/viewjob?jk=018e39cdf17dc730,Senior Platform Engineer,WeTransfer,
https://www.indeed.com/viewjob?jk=a54a12dd013703a6,Site Reliability Engineer Cloud-1436996,"JPMorgan Chase Bank, N.A.",
https://www.indeed.com/viewjob?jk=42fffcb87609340f,Senior Software Engineer,ANDURIL INDUSTRIES,
https://www.indeed.com/viewjob?jk=dbd26be14de2b91b,Senior Member of Technical Staff - NSX Controller Team - Opp...,VMware,
https://www.indeed.com/viewjob?jk=ed3c1fbfed3a6dca,Staff Site Reliability Engineer - FEDRAMP - Opportunity for...,VMware,
https://www.indeed.com/viewjob?jk=fe9de5c18096c182,Senior Python Engineer,Chewy,
https://www.indeed.com/viewjob?jk=9fbd33ce5fe9c24e,Senior Software Engineer - Frontend,Grand Rounds,
https://www.indeed.com/viewjob?jk=c3e6c26f71932bc1,Platform Engineer with Active Secret Clearance,Deloitte,
https://www.indeed.com/viewjob?jk=8e64105045144c15,Software Engineer,ViaSat,
https://www.indeed.com/viewjob?jk=8cdfb8156a113cfa,Software Engineer II,RELX,
https://www.indeed.com/viewjob?jk=903e492f77427f3f,Sr Technical Coach - Engineering (Full-Time Remote or Hybrid...,TARGET,
https://www.indeed.com/viewjob?jk=14df6574e0ab4cdb,Venmo Site Reliability Engineer,Venmo,
https://www.indeed.com/viewjob?jk=1f78fb6939d3e921,Staff Engineer Kubernetes Security and Authentication - Oppo...,VMware,
https://www.indeed.com/viewjob?jk=b8d90ab970df4687,Member of Technical Staff- Files,Nutanix,
https://www.indeed.com/viewjob?jk=9065ad3fd309e5c9,DevOps/SRE Engineer,Blocknative Corporation,
https://www.indeed.com/viewjob?jk=b7c5e6cf53e50e6d,Golang Backend Engineer,Pantheon,
https://www.indeed.com/viewjob?jk=feadc9ef8343bb19,Staff Engineer Telco R&D - Opportunity for Working Remotely...,VMware,
https://www.indeed.com/viewjob?jk=416a4ecadcc6afa0,Senior Full-Stack Engineer,Sunstone Credit,
https://www.indeed.com/viewjob?jk=7a66a732155c2358,Embedded Linux Software Engineer,Privafy,
https://www.indeed.com/viewjob?jk=fe2921915f75c552,Senior Software Engineer,Vasion,
https://www.indeed.com/viewjob?jk=47d1b41b1b7e34c6,Principal Software Engineer - Golang - Secureworks - (100% U...,Secureworks,
https://www.indeed.com/viewjob?jk=283b1a3405dbaad8,Full Stack Software Engineer,The Boring Company,
https://www.indeed.com/viewjob?jk=896b4e9874fc6c02,Senior Software Developer - REMOTE,Pearson,
https://www.indeed.com/viewjob?jk=f4f9d439385bf65a,Senior Staff Software Engineer,Telenav,
https://www.indeed.com/viewjob?jk=5e0be70c9c86bead,"Software Engineer, Core Services",DataRobot,
https://www.indeed.com/viewjob?jk=6d2a6975e0017b8e,Systems Engineer II,Mailchimp,
https://www.indeed.com/viewjob?jk=6176e1906b0dc08e,Full Stack Solutions Architect (Tech Spec 2) - Remote,Mayo Clinic,
https://www.indeed.com/viewjob?jk=1e5c23ad0f27fa6d,Fullstack Software Engineer,Rho Business Banking,
https://www.indeed.com/viewjob?jk=7bddd55e81fe4eb9,Junior DevOps Engineer - Test and Integration Infrastructure,ASML,
https://www.indeed.com/viewjob?jk=9435d05e76d4216f,Title: Member of Technical Staff - Carbon Black Cloud - Oppo...,VMware,
https://www.indeed.com/viewjob?jk=365bb7c6ee36d874,Lead Backend/Blockchain Engineer,Genies,
https://www.indeed.com/viewjob?jk=9842b64abeea0f54,Platform Engineer,Vivint Smart Home,
https://www.indeed.com/viewjob?jk=4d8a6407b6bc30b5,Sr Software Engineer - Go,Couchbase,
https://www.indeed.com/viewjob?jk=3e88745bb989241a,"Backend Engineer, Lark Innovation",ByteDance,
https://www.indeed.com/viewjob?jk=e7ed934b64b934f3,Senior DevOps Engineer,When I Work,
https://www.indeed.com/viewjob?jk=ed8e74079751ac4b,Salesforce Engineer,Amazon.com Services LLC,
https://www.indeed.com/viewjob?jk=85e0198e855465d2,Senior DevOps Engineer (remote),brightfin,
https://www.indeed.com/viewjob?jk=30c31fed720382ce,Senior Engineer,Shipt,
https://www.indeed.com/viewjob?jk=5ebf213d808a7d02,"Engineer 2, Developer Gateways & Orchestration",Nordstrom Inc,
https://www.indeed.com/viewjob?jk=5cce22e0115cccfc,GoLang + AWS Developer (Remote-USA),Codenetix LLC,
https://www.indeed.com/viewjob?jk=b268ee13b9dbdf38,Software Engineer II - Remote,Akamai,
https://www.indeed.com/viewjob?jk=b2118b3875ab76f4,"Senior Software Engineer, Golang (Open to Remote!)",Tinder,
https://www.indeed.com/viewjob?jk=3b93aa60fa16e7dc,"Backend Engineer, Video Experience",TikTok,
https://www.indeed.com/viewjob?jk=68bae92e3360528a,Senior Golang Engineer,Bestow,
https://www.indeed.com/viewjob?jk=5b3c662ff8cde7e1,Sr. API Integration Engineer,Bolt,
https://www.indeed.com/viewjob?jk=95c00dc38f4a6413,Software Engineer,Kubient,
https://www.indeed.com/viewjob?jk=d41a28d7d4719477,Software Engineer In Test (Remote),NetApp,
https://www.indeed.com/viewjob?jk=aecf8f36b00577fb,Sr. Software Developers with GoLang and/or Java,Intone Networks,
https://www.indeed.com/viewjob?jk=e8aa163be5dae6c5,Full Stack Engineer,Yale University,
https://www.indeed.com/viewjob?jk=518a25729bc6b5b2,Engineering Manager - Developer Experience (Remote),CrowdStrike,
https://www.indeed.com/viewjob?jk=809c8956f6d0511e,Sr Software Engineer In Test,SS&C Technologies,
https://www.indeed.com/viewjob?jk=0ff987bb8ffbe8ef,"Systems SDE - eero, eero Office of the CTO",Amazon.com Services LLC,
https://www.indeed.com/viewjob?jk=275b8df673c4a1f9,Senior Software Development Engineer - GoLang,GoDaddy,
https://www.indeed.com/viewjob?jk=84d94e88aad33c20,Backend Engineer (Remote),ReviewTrackers,
https://www.indeed.com/viewjob?jk=ddfc9e899ec96f87,Full-Stack Engineer,GoodRx,
https://www.indeed.com/viewjob?jk=ae9702ab001c14c9,Software Developer - Application Server Technologi,Capgemini,
https://www.indeed.com/viewjob?jk=06372eca5452e115,DevOps Engineer,Panasonic Corporation of North America,
https://www.indeed.com/viewjob?jk=d4544141413aa5bd,Senior Software Engineer - Golang REMOTE,BlackBerry,
https://www.indeed.com/viewjob?jk=71bf2cfd46b3b201,Full Stack Engineer,Kiddom,
https://www.indeed.com/viewjob?jk=77797da6c9921189,Fullstack Engineer (remote),ReviewTrackers,
https://www.indeed.com/viewjob?jk=0d47aacea503e300,Software Engineer – Backend,ClimateAI,
https://www.indeed.com/viewjob?jk=71e1f6bbbdde04d1,DevOps Engineer,Ambassador Labs,
https://www.indeed.com/viewjob?jk=0f15b48d87c9a812,"Senior System Development Engineer, Local Compute Infrastruc...","Amazon Data Services, Inc.",
https://www.indeed.com/viewjob?jk=3c376461c1c6a783,Technical Content Developer (Platform Engineering) - Opportu...,VMware,
https://www.indeed.com/viewjob?jk=ae24c0d521575486,Remote Lead Golang Engineer (W2 Only) Sorry no Sponsorship,Trova,
https://www.indeed.com/viewjob?jk=700c26e0575f1863,System Development Engineer,"Amazon Data Services, Inc.",
https://www.indeed.com/viewjob?jk=fccb1932fc4d2e5b,Software Engineer,State Farm,
https://www.indeed.com/viewjob?jk=7c6637f36ab438d1,Staff Front End Engineer - Financial Products,Bolt,
https://www.indeed.com/viewjob?jk=577385299d5572fd,Software Development Engineer II,Apptio,
https://www.indeed.com/viewjob?jk=e5c37e0deef34afa,DevOps Engineer,CAPCO,
https://www.indeed.com/viewjob?jk=769d707b84df8d6a,DevOps Engineer,Infor,
https://www.indeed.com/viewjob?jk=355aa3f3f0c30460,Backend Engineer (Billing),Docker,
https://www.indeed.com/viewjob?jk=6395e27a5910746e,Serverside (Go) Developer,Files.com,
https://www.indeed.com/viewjob?jk=1334aa91f1cdc669,"Staff Engineer, Backend",Build1,
https://www.indeed.com/viewjob?jk=cf0882e65b8103f4,Golang Developer,Cotocus,
https://www.indeed.com/viewjob?jk=96a2afd78e67771e,Jr. Software Development Engineer in Manufacturing Test,Arista Networks,
https://www.indeed.com/viewjob?jk=ea22d04a444bc9e2,Backend Engineer,Messari,
https://www.indeed.com/viewjob?jk=a6342c4a3524e477,MIDDLE/SENIOR GOLANG DEVELOPER,AgiliWay,
https://www.indeed.com/viewjob?jk=5e98edbc646191dc,Site Reliability Engineer,Centene Corporation,
https://www.indeed.com/viewjob?jk=7e5ba1b1d88be9de,"Software Engineer, GoLang",Koalafi,
https://www.indeed.com/viewjob?jk=d46a2d6397a37763,Software Developer: University Hire,DevRev,
https://www.indeed.com/viewjob?jk=ce6cf403a5a0df6b,Software Engineer - Full Stack,Abbott Laboratories,
https://www.indeed.com/viewjob?jk=3f46b6655fd3472c,Junior Software Engineer,DIRECTV,
https://www.indeed.com/viewjob?jk=6bfc2011cb31038a,Data Platform Engineer,LookingGlass Cyber Solutions,
https://www.indeed.com/viewjob?jk=44e2f214cf735bf5,Monitoring Systems Engineer,Nintendo of America Inc.,
https://www.indeed.com/viewjob?jk=a82a56e041a0c375,URBN Software Engineer,"URBN Outfitters, Inc.",
https://www.indeed.com/viewjob?jk=e664ea731a264570,"Backend Software Engineer, Global E-commerce",TikTok,
https://www.indeed.com/viewjob?jk=16fa2282ddab25bc,"Software Development Engineer, eCommerce",Samsung Electronics,
https://www.indeed.com/viewjob?jk=47a257100ef95c78,UI Staff Engineer - TAS Journey - Opportunity for Working Re...,VMware,
https://www.indeed.com/viewjob?jk=69283ac7831ab4d3,Software Engineer-Backend,Intuit,
https://www.indeed.com/viewjob?jk=2dff19cbc0fb0288,"Sr. Developer Engineer, Build Engineer - 3D",Adobe,
https://www.indeed.com/viewjob?jk=733978ad25070d32,Senior Application Software Engineer (Java or GoLang) - Remo...,Centene Corporation,
https://www.indeed.com/viewjob?jk=6943746850d6e2db,Software Engineer - Python - Kubernetes,Canonical,
https://www.indeed.com/viewjob?jk=3d27bc373476a8f5,Software Security Engineer,Microsoft,
https://www.indeed.com/viewjob?jk=23b52fa20bb454c2,Full Stack Developer,Carfax,
https://www.indeed.com/viewjob?jk=eee3ab8bb337f16f,Senior Software Engineer,Shipt,
https://www.indeed.com/viewjob?jk=6730d31c33ff7c08,Application Developer,Allruva Technology Services,
https://www.indeed.com/viewjob?jk=d10f2e22140440fb,Staff Application Operations Engineer,Intuit,
https://www.indeed.com/viewjob?jk=c0e4a7cad0c854c4,Senior Back-End Developer,Octo,
https://www.indeed.com/viewjob?jk=a0714e633fbba8a0,Software Engineer,ZeniMax Media Inc.,
https://www.indeed.com/viewjob?jk=69fd93ac2dbfdf75,Senior Software Engineer in Test,BioBright,
https://www.indeed.com/viewjob?jk=a4222cd8b8b958a8,Software Engineer (Remote),Pryon Incorporated,
https://www.indeed.com/viewjob?jk=503831e4e274905e,"Senior Software Engineer, Go",Shutterstock,
https://www.indeed.com/viewjob?jk=2918ff03d5078f2e,Senior/Lead GoLang Developer,EPAM Systems,
https://www.indeed.com/viewjob?jk=a6a60803359bfcb8,Application Engineer,Bigbear.ai,
https://www.indeed.com/viewjob?jk=f08fe127d37fbc7a,Software Engineer (Go),Tetrate,
https://www.indeed.com/viewjob?jk=357a3a7114abd468,Full Stack Developer,EPAM Systems,
https://www.indeed.com/viewjob?jk=527a0079dbdcf1c6,Senior API Engineer,Point One Navigation,
https://www.indeed.com/viewjob?jk=efa944339874b3b5,Site Reliability Engineer - ML Systems,ByteDance,
https://www.indeed.com/viewjob?jk=e84e23de823c2458,Senior Software Engineer – Dev Ops – IoT Frameworks,Signify,
https://www.indeed.com/viewjob?jk=c69ad8ce242d2e74,Software Engineer II (Back End) - NBC News Digital,NBCUniversal,
https://www.indeed.com/viewjob?jk=8b4c4affe4d10ffa,"Full Stack Cloud Developer, Junior",Booz Allen Hamilton,
https://www.indeed.com/viewjob?jk=4d26e8610dbef4df,Full Stack Developer,Zachary Piper Solutions,
https://www.indeed.com/viewjob?jk=330feffdbb6f92e3,Software Engineer,WP Engine,
https://www.indeed.com/viewjob?jk=04000a9a588d9ce1,Senior Software Engineer- Backend,Unusual Ventures,
https://www.indeed.com/viewjob?jk=a9cf3db01185c79c,Sr. Software Engineer,Choozle,
https://www.indeed.com/viewjob?jk=94be20c49dec9740,Software Engineer - Career,Q2ebanking,
https://www.indeed.com/viewjob?jk=49853d3e6a2babf8,"Web Developer, Mid",Booz Allen Hamilton,
https://www.indeed.com/viewjob?jk=72984660cc27decc,"Software Engineer - Identity and Access Management, Health",Cash App,
https://www.indeed.com/viewjob?jk=a948b75e0bba2b48,Full Stack Engineer,RetailOps,
https://www.indeed.com/viewjob?jk=cbb4960fd3def3ec,"Software Engineer, Crypto Lending",Cross River,
https://www.indeed.com/viewjob?jk=4adbe09083a31cd8,Full Stack Developer - Enterprise Architecture,"JPMorgan Chase Bank, N.A.",
https://www.indeed.com/viewjob?jk=90af646dda3230e1,Full Stack Engineer (f/m/d),NewStore,
https://www.indeed.com/viewjob?jk=b8d17ece38d1e8b3,Senior Python Developer - 76437,Pinnacle Group,
https://www.indeed.com/viewjob?jk=165831e91e49ee3c,"Offensive Security Engineer (Remote, Full-Time)",SimSpace Corporation,
https://www.indeed.com/viewjob?jk=bac6ecb456ab860c,"Senior Backend Engineer, Secure: Composition Analysis - with...",GitLab,
https://www.indeed.com/viewjob?jk=c093dd82725093ca,"Sr. Technical Developer, HR Solutions",WarnerMedia,
https://www.indeed.com/viewjob?jk=ab348121f12a7369,Senior Software Engineer,Rebellion Defense,
https://www.indeed.com/viewjob?jk=117068d048dc6b79,Software Engineer - Full-Stack,Schweitzer Engineering Laboratories,
https://www.indeed.com/viewjob?jk=cfa6f676aa04d26a,"Software Engineer - Reston, VA",Qualtrics,
https://www.indeed.com/viewjob?jk=7cf13e4a39ae9463,Sr. Software Engineer,Piper Companies,
https://www.indeed.com/viewjob?jk=9e60f437e53804a9,"Staff Software Engineer, Interoperability",Unite Us,
https://www.indeed.com/viewjob?jk=0409f16a573604e9,Remote Senior Software Engineer,Toyota,
https://www.indeed.com/viewjob?jk=c9c8ea67ccffb745,"Software Engineer, Performance and Test - Infrastructure",Moveworks.ai,
https://www.indeed.com/viewjob?jk=f60e9b36473415ff,Systems Engineer,Snapchat,
https://www.indeed.com/viewjob?jk=a5d58312eb6164e1,Senior Software Engineer,Binance,
https://www.indeed.com/viewjob?jk=f97ebcbeb55015af,Senior Software Engineer - Remote,Liberty Mutual Insurance,
https://www.indeed.com/viewjob?jk=0e94c12675a0b52c,"Director, Software Development Engineer in Test",Koalafi,
https://www.indeed.com/viewjob?jk=dd9b72c177f7c37a,Tech Lead Backend Engineer,Emma The Sleep Company,
https://www.indeed.com/viewjob?jk=21cc96f8ed47d56d,"Software Engineer, University Graduate - 2022 Start",TikTok,
https://www.indeed.com/viewjob?jk=061caddab3ec6c4c,Copilot Server Engineer,Github,
https://www.indeed.com/viewjob?jk=bd4315b66b9a095f,Golang R42 Engineer II,Amex,
https://www.indeed.com/viewjob?jk=ca5fd54572c5a98d,"Urgent need for Golang Developer - San Francisco, CA - Long...",Spruce Technology,
https://www.indeed.com/viewjob?jk=3d462efb0586b06b,React/GoLang Application Software Engineer -- Remote Availab...,Centene Corporation,
https://www.indeed.com/viewjob?jk=9bdf24405721e683,Java/Golang Engineer (Virtual),Amex,
https://www.indeed.com/viewjob?jk=dcf2db657a6a8418,Front End Developer - Remote,Veeam,
https://www.indeed.com/viewjob?jk=6f554116ede86a82,Software Engineer -- Remote Available,Centene Corporation,
https://www.indeed.com/viewjob?jk=ba933258b76b0f0f,Golang Developers - (Open to working remotely),Spectra Logic,
https://www.indeed.com/viewjob?jk=03470467a06878a0,Senior Software Engineer - Golang Developer,Capgemini,
https://www.indeed.com/viewjob?jk=ee6156b9c917c196,"Software Engineer in Test, University Graduate - 2022 Start...",TikTok,
https://www.indeed.com/viewjob?jk=4a83d14a5f9fa14c,Senior Backend Engineer - Golang,HappyFresh,
https://www.indeed.com/viewjob?jk=0dafbc3291a4f4d9,"Software Developer (Go, Python, C#, or Rust)","Chameleon Consulting Group, LLC",
https://www.indeed.com/viewjob?jk=dd551fc0ebd2e507,Software Engineer,Red Hat Software,
https://www.indeed.com/viewjob?jk=98a8935aed6b8053,"Mobile Software Engineer, University Graduate - 2022 Start",TikTok,
https://www.indeed.com/viewjob?jk=9fd2c60056265237,Software Engineer,Fox Corporation,
https://www.indeed.com/viewjob?jk=1063089bca5ce87b,UI Developer,Fidelity Investments,
https://www.indeed.com/viewjob?jk=8dad79fb375c43fa,Sr. Software Engineer - GOlang (Remote),CrowdStrike,
https://www.indeed.com/viewjob?jk=a76427a860024338,Backend Engineer,Luxor Technology Corporation,
https://www.indeed.com/viewjob?jk=f101a8bd8d9b1244,"Software Engineer - Opportunity for Working Remotely Boston,...",VMware,
https://www.indeed.com/viewjob?jk=23382187264b7d3d,"Backend Engineer, Go Cryptowatch",kraken,
https://www.indeed.com/viewjob?jk=15968dc6ff2d508b,Technical Writer,Bolt,
https://www.indeed.com/viewjob?jk=dd1655e892f0f475,Backend Engineer,HouseCanary,
https://www.indeed.com/viewjob?jk=e03075329e89de38,CAD Application Engineer,Arista Networks,
https://www.indeed.com/viewjob?jk=3d834ca142571ece,Golang developer - Remote,Net Orbit,
https://www.indeed.com/viewjob?jk=b33229aa748049b2,Tech Hiring Day - Backend Developer (ICUBE) (Remote),SIRCLO,
https://www.indeed.com/viewjob?jk=4eced764078a5552,Software Engineer,Booz Allen Hamilton,
https://www.indeed.com/viewjob?jk=5ddc912a44371468,Backend Server Engineer,Legends of Learning,
https://www.indeed.com/viewjob?jk=72595e617f3099b7,Staff Member of Technical Staff - Supply Chain Tools - Oppor...,VMware,
https://www.indeed.com/viewjob?jk=402e3e36a16a344d,"Security Software Engineer, University Graduate 2022",TikTok,
https://www.indeed.com/viewjob?jk=f93e0f9c61acc229,"Desktop Developer (Go, Qt, Win, Mac)",Files.com,
https://www.indeed.com/viewjob?jk=9d1cd76f6ac944ee,Integrations Engineer,TVbeat,
https://www.indeed.com/viewjob?jk=466a6181ef459782,Golang Contractor Developer,ION,
https://www.indeed.com/viewjob?jk=7a8cb536be7d5f64,Software Engineer,PUTNAM RECRUITING GROUP,
https://www.indeed.com/viewjob?jk=cfaa45357aee9cdb,Web Developer,New York University,
https://www.indeed.com/viewjob?jk=611f12e356e70970,Junior (AWS) SOFTWARE ENGINEER-REMOTE,State Farm,
https://www.indeed.com/viewjob?jk=5856aff2701589e5,Full Stack Software Engineer,Piper Companies,
https://www.indeed.com/viewjob?jk=3aa1bcb51652e34a,"Member of Technical Staff, Bangalore",Jumpcloud,
https://www.indeed.com/viewjob?jk=883ce0cbd7a05c37,Software Developer,Labatt Food Service,
https://www.indeed.com/viewjob?jk=b1c16d174289d1cc,Backend Engineer,Till Financial,
https://www.indeed.com/viewjob?jk=a2d2d65ad06dad34,Golang Software Engineer - Remote US,Egnyte,
https://www.indeed.com/viewjob?jk=da730f9d4e7697de,Shopify Developer,Bolt,
https://www.indeed.com/viewjob?jk=c75115a9caa5b5eb,Golang Developer,Maximo Global Tech,
https://www.indeed.com/viewjob?jk=cce19e506d005852,DevOps Engineer,Capital One - US,
https://www.indeed.com/viewjob?jk=833fd9118bf5324f,Kubernetes CSI / Golang Developer,INFINIDAT,
https://www.indeed.com/viewjob?jk=b0d99c78bc4e3783,Software Engineer,Microsoft,
https://www.indeed.com/viewjob?jk=39bd2caa07f485ad,Golang Developer,Spiral Scout,
https://www.indeed.com/viewjob?jk=f30de8f786e45991,Backend Software Engineer,Axway Software SA,
https://www.indeed.com/viewjob?jk=60f92e3c76cc7f5d,Associate Software Engineer,Integral Ad Science,
https://www.indeed.com/viewjob?jk=3c277b97c98fc12b,Engineer,Shipt,
https://www.indeed.com/viewjob?jk=b4104add5622eb37,Software Development Engineer,Amex,
https://www.indeed.com/viewjob?jk=60e91087654b2eac,"Sr. Software Engineer, Platform",SentiLink,
https://www.indeed.com/viewjob?jk=003b71d8ab07debd,"URBN Sr. Software Engineer, Services","URBN Outfitters, Inc.",
https://www.indeed.com/viewjob?jk=f32c1e1d3f60e7bf,Senior Backend Developer : 22-00516,Akraya Inc.,
https://www.indeed.com/viewjob?jk=14df6574e0ab4cdb,Venmo Site Reliability Engineer,Venmo,
https://www.indeed.com/viewjob?jk=7424815f722638fe,Software Engineer,First Orion,
https://www.indeed.com/viewjob?jk=63735e3144968ab7,Senior Software Engineer - Remote US,Egnyte,
https://www.indeed.com/viewjob?jk=7647824deaa78dca,Member of Technical Staff - Security,Nutanix,
https://www.indeed.com/viewjob?jk=fcdfc5a498cb7078,Site Reliability Engineer (All Levels),Apptio,
https://www.indeed.com/viewjob?jk=dc67ae1ef4c0c689,"Software Engineer, Platform REMOTEENGINEERING – APPLICATION...",Recurly,
https://www.indeed.com/viewjob?jk=6d2a6975e0017b8e,Systems Engineer II,Mailchimp,
https://www.indeed.com/viewjob?jk=5155b549a53c24a8,Senior Software Engineer,Relativity,
https://www.indeed.com/viewjob?jk=83de69b35d856c21,Associate Software Engineer,T. Rowe Price,
https://www.indeed.com/viewjob?jk=44e2f214cf735bf5,Monitoring Systems Engineer,Nintendo of America Inc.,
https://www.indeed.com/viewjob?jk=484f41f35dd80b9d,"Software Engineer, Tools",Tinder,
https://www.indeed.com/viewjob?jk=22552adab6234746,Senior Back-end Golang Developer,EPAM Systems,
https://www.indeed.com/viewjob?jk=c7f369800063a8fe,Senior DevOps Engineer,IBM,
https://www.indeed.com/viewjob?jk=9798a2e687915dba,Sr Software Engineer,Rafay Systems,
https://www.indeed.com/viewjob?jk=a957288eef69f1ac,Expert System/Software QA Engineer,Hewlett Packard Enterprise,
https://www.indeed.com/viewjob?jk=04666b5cee71a575,DevOps Engineer,"ESRI, Inc.",
https://www.indeed.com/viewjob?jk=8bcac5ae2ce7d7f8,Senior Software Engineer (Golang/Node.js),McAfee,
https://www.indeed.com/viewjob?jk=4cfedcda401fb440,Staff Software Engineer- Partnerships,Opendoor,
https://www.indeed.com/viewjob?jk=9904d2b1b4505010,"Senior Software Engineer, Continuous Delivery and Pipelines",CarGurus,
https://www.indeed.com/viewjob?jk=10624d82bdec5217,Senior Software Engineer - Platforms,Bolt,
https://www.indeed.com/viewjob?jk=96a2afd78e67771e,Jr. Software Development Engineer in Manufacturing Test,Arista Networks,
https://www.indeed.com/viewjob?jk=4333ed5c20c947de,Sr. System Development Engineer,"Amazon Data Services, Inc.",
https://www.indeed.com/viewjob?jk=1475a521614c6f95,DevOps Engineer [SE01],Terazo,
https://www.indeed.com/viewjob?jk=4eced764078a5552,Software Engineer,Booz Allen Hamilton,
https://www.indeed.com/viewjob?jk=3ee5ecab801d4727,Software Lead,ViaSat,
https://www.indeed.com/viewjob?jk=9b90c64a019eaf4b,Software Engineer III,Pinnacle Group,
https://www.indeed.com/viewjob?jk=15dfbee1dbf3255e,Software Engineer,Hewlett Packard Enterprise,
https://www.indeed.com/viewjob?jk=423f33d70a52e5b7,Senior Site Reliability Engineer - Site Reliability Engineer...,Apple,
https://www.indeed.com/viewjob?jk=7b2102db3fbc29e9,Senior Python developer to deep expertise in async programmi...,SIS,
https://www.indeed.com/viewjob?jk=8fd89b644c56f0e1,Senior Back-End Developer,OnFrontiers,
https://www.indeed.com/viewjob?jk=3e6c409c16bae1cf,Staff Systems Engineer - SRE (Remote),Home Depot / THD,
https://www.indeed.com/viewjob?jk=165831e91e49ee3c,"Offensive Security Engineer (Remote, Full-Time)",SimSpace Corporation,
https://www.indeed.com/viewjob?jk=c81328221118aaec,Sr. Fullstack Engineer - Web Development,Forward Financing,
https://www.indeed.com/viewjob?jk=5c4139532cf5e6dd,DevOps Engineer,Facet Wealth,
https://www.indeed.com/viewjob?jk=f1909c984938365a,Site Reliability Engineers,Github,
https://www.indeed.com/viewjob?jk=6f063ffd38a3a1d0,Software Engineer,SPS COMMERCE,
https://www.indeed.com/viewjob?jk=47d1b41b1b7e34c6,Principal Software Engineer - Golang - Secureworks - (100% U...,Secureworks,
https://www.indeed.com/viewjob?jk=25d5b4ed8c617515,Software Developer - Full Stack,NCCI,
https://www.indeed.com/viewjob?jk=ddfc9e899ec96f87,Full-Stack Engineer,GoodRx,
https://www.indeed.com/viewjob?jk=c71fef0a40f8a878,Senior Backend Engineer - Events and Notifications,Verkada,
https://www.indeed.com/viewjob?jk=e80bc9cc6bec911d,"Software Engineer (HeNB-GW, MME, AMF)",Casa Systems Inc,
https://www.indeed.com/viewjob?jk=fe9de5c18096c182,Senior Python Engineer,Chewy,
https://www.indeed.com/viewjob?jk=a76427a860024338,Backend Engineer,Luxor Technology Corporation,
https://www.indeed.com/viewjob?jk=125d7840a08dab97,Software Developer II,National General Insurance,
https://www.indeed.com/viewjob?jk=2602807593223f54,Software Engineer,Salesloft,
https://www.indeed.com/viewjob?jk=0c5c61f642a8a0e4,Full Stack Engineer,Qlik,
